CellID, Experimenter, Species, Channel, CellType, Path, Status
1_1, RP, Rat, ch4, L5PC, \140213L5ISI_1 Folder, 0
1_2, RP, Rat, ch6, L5PC, \140213L5ISI_1 Folder, 1
1_3, RP, Rat, ch16, L5PC, \140213L5ISI_1 Folder, 1
1_4, RP, Rat, ch18, L5PC, \140213L5ISI_1 Folder, 1
2_1, RP, Rat, ch8, L5PC, \140213L5ISI_10 Folder, 0
3_1, RP, Rat, ch8, L5PC, \140213L5ISI_11 Folder, 0
4_1, RP, Rat, ch8, L5PC, \140213L5ISI_2 Folder, 0
5_1, RP, Rat, ch8, L5PC, \140213L5ISI_3 Folder, 0
6_1, RP, Rat, ch8, L5PC, \140213L5ISI_4 Folder, 0
7_1, RP, Rat, ch8, L5PC, \140213L5ISI_5 Folder, 0
8_1, RP, Rat, ch8, L5PC, \140213L5ISI_6 Folder, 1
9_1, RP, Rat, ch8, L5PC, \140213L5ISI_7 Folder, 0
10_1, RP, Rat, ch8, L5PC, \140213L5ISI_8 Folder, 0
11_1, RP, Rat, ch8, L5PC, \140213L5ISI_9 Folder, 1
12_1, RP, Rat, ch8, L5PC, \140214L5ISI_1 Folder, 0
13_1, RP, Rat, ch8, L5PC, \140214L5ISI_2 Folder, 0
14_1, RP, Rat, ch8, L5PC, \140214L5ISI_3 Folder, 0
15_1, RP, Rat, ch8, L5PC, \140214L5ISI_4 Folder, 0
16_1, RP, Rat, ch8, L5PC, \140214L5ISI_5 Folder, 0
17_1, RP, Rat, ch8, L5PC, \140214L5ISI_6 Folder, 0
18_1, RP, Rat, ch8, L5PC, \140214L5ISI_7 Folder, 0 
19_1, RP, Rat, ch8, L5PC, \140227L5ISI_1 Folder, 0 
20_1, RP, Rat, ch8, L5PC, \140227L5ISI_2 Folder, 1
21_1, RP, Rat, ch8, L5PC, \140227L5ISI_3 Folder, 0
22_1, RP, Rat, ch8, L5PC, \140227L5ISI_4 Folder, 0
23_1, RP, Rat, ch8, L5PC, \140227L5ISI_5 Folder, 0 
24_1, RP, Rat, ch8, L5PC, \140227L5ISI_6 Folder, 0  
25_1, RP, Rat, ch8, L5PC, \140227L5ISI_7 Folder, 0
26_1, RP, Rat, ch8, L5PC, \140228L5ISI_1 Folder, 0
27_1, RP, Rat, ch8, L5PC, \140228L5ISI_2 Folder, 0
28_1, OH, Rat, ch2, L5PC, \001_140227A01_OH\001_140227A01MRP13L5Py_OH, 1
29_1, OH, Rat, ch2, L5PC, \001_140227A02_OH\001_140227A02MRP13L5Py_OH, 0
30_1, OH, Rat, ch2, L5PC, \001_140227A04_OH\001_140227A04MRP13L5Py_OH, 1
31_1, OH, Rat, ch2, L5PC, \001_140227A05_OH\001_140227A05MRP13L5Py_OH, 1
32_1, OH, Rat, ch2, L5PC, \001_140227A06_OH\001_140227A06MRP13L5Py_OH, 0
33_1, OH, Rat, ch2, L5PC, \001_140227A07_OH\001_140227A07MRP13L5Py_OH, 0
34_1, OH, Rat, ch2, L5PC, \001_140227A08_OH\001_140227A08MRP13L5Py_OH, 0
35_1, OH, Rat, ch2, L5PC, \001_140227A10_OH\001_140227A10MRP13L5Py_OH, 0
36_1, OH, Rat, ch2, L5PC, \001_140227A11_OH\001_140227A11MRP13L5Py_OH, 0
37_1, OH, Rat, ch2, L5PC, \001_140227A12_OH\001_140227A12MRP13L5Py_OH, 1
38_1, OH, Rat, ch2, L5PC, \001_140227A13_OH\001_140227A13MRP13L5Py_OH, 0
39_1, OH, Rat, ch2, L5PC, \001_140227A14_OH\001_140227A14MRP13L5Py_OH, 1
40_1, OH, Rat, ch2, L5PC, \001_140227A15_OH\001_140227A15MRP13L5Py_OH, 1
41_1, OH, Rat, ch2, L5PC, \001_140227A16_OH\001_140227A16MRP13L5Py_OH, 1
42_1, OH, Rat, ch2, L5PC, \001_140228A01_OH\001_140228A01MRP14L5Py_OH, 0
43_1, OH, Rat, ch2, L5PC, \001_140228A02_OH\001_140228A02MRP14L5Py_OH, 1
44_1, OH, Rat, ch2, L5PC, \001_140228A08_OH\001_140228A08MRP14L5Py_OH, 0
45_1, OH, Rat, ch2, L5PC, \001_140228A09_OH\001_140228A09MRP14L5Py_OH, 0
46_1, OH, Rat, ch2, L5PC, \001_140228A10_OH\001_140228A10MRP14L5Py_OH, 0
47_1, OH, Rat, ch2, L5PC, \001_140228B02_OH\001_140228B02MRP14L5Py_OH, 1
48_1, OH, Rat, ch2, L5PC, \001_140228B03_OH\001_140228B03MRP14L5Py_OH, 0
49_1, OH, Rat, ch2, L5PC, \001_140228B04_OH\001_140228B04MRP14L5Py_OH, 0
50_1, OH, Rat, ch2, L5PC, \001_140228B05_OH\001_140228B05MRP14L5Py_OH, 0
51_1, OH, Rat, ch2, L5PC, \001_140228B06_OH\001_140228B06MRP14L5Py_OH, 0
52_1, OH, Rat, ch2, L5PC, \001_140228B07_OH\001_140228B07MRP14L5Py_OH, 0
53_1, OH, Mouse, ch2, L5FS, \001_140212A01_OH\001_140212A1MMP13L5FS_OH, 1
54_1, OH, Mouse, ch2, L5FS, \001_140212A02_OH\001_140212A2MMP13L5FS_OH, 1
55_1, OH, Mouse, ch2, L5FS, \001_140212A03_OH\001_140212A3MMP13L5FS_OH, 1
55_2, OH, Mouse, ch4, L5FS, \001_140212A03_OH\001_140212A3MMP13L5FS_OH, 1
56_1, OH, Mouse, ch2, L5FS, \001_140213A01_OH\001_140213A1MMP14L5FS_OH, 1
57_1, OH, Mouse, ch2, L5FS, \001_140213A02_OH\001_140213A2MMP14L5FS_OH, 1
58_1, OH, Mouse, ch2, L5FS, \001_140213A03_OH\001_140213A3MMP14L5FS_OH, 1
59_1, OH, Mouse, ch2, L5FS, \001_140213B01_OH\001_140213B1MMP14L5FS_OH, 1
60_1, OH, Mouse, ch2, L5FS, \001_140213B02_OH\001_140213B2MMP14L5FS_OH, 1
61_1, OH, Mouse, ch2, L5FS, \001_140214A01_OH\001_140214A1MMP15L5FS_OH, 1
62_1, OH, Mouse, ch2, L5FS, \001_140214A02_OH\001_140214A2MMP15L5FS_OH, 1
63_1, OH, Mouse, ch2, L5FS, \001_140214A03_OH\001_140214A3MMP15L5FS_OH, 1 
64_1, OH, Mouse, ch2, L5FS, \001_140214B01_OH\001_140214B1MMP15L5FS_OH, 1
65_1, OH, Mouse, ch2, L5FS, \001_140214B02_OH\001_140214B2MMP15L5FS_OH, 1
66_1, OH, Mouse, ch4, L5FS, \001_140214B03_OH\001_140214B3MMP15L5FS_OH, 1
67_1, OH, Mouse, ch2, L5FS, \001_140326A01_OH\001_140326A1MMP13L5FS_OH, 1
68_1, OH, Mouse, ch2, L5FS, \001_140326A02_OH\001_140326A2MMP13L5FS_OH, 1
69_1, OH, Mouse, ch2, L5FS, \001_140326A03_OH\001_140326A3MMP13L5FS_OH, 1
70_1, OH, Mouse, ch2, L5FS, \001_140326B01_OH\001_14032B1MMP13L5FS_OH, 1
71_1, OH, Mouse, ch2, L5FS, \001_140326B02_OH\001_14032B2MMP13L5FS_OH, 1
72_1, OH, Mouse, ch2, L5FS, \001_140326C01_OH\001_14032C1MMP13L5FS_OH, 1
73_1, OH, Mouse, ch2, L5FS, \001_140326C02_OH\001_14032C2MMP13L5FS_OH, 1
74_1, OH, Mouse, ch2, L5FS, \001_140327A01_OH\001_140327A1MMP14L5FS_OH, 1
75_1, OH, Mouse, ch2, L5FS, \001_140327A02_OH\001_140327A2MMP14L5FS_OH, 1
76_1, OH, Mouse, ch2, L5FS, \001_140327A03_OH\001_140327A3MMP14L5FS_OH, 1
77_1, OH, Mouse, ch2, L5FS, \001_140327A04_OH\001_140327A4MMP14L5FS_OH, 1
78_1, OH, Mouse, ch2, SNcDA, \001_140303A01_OH\001_140303A1MMP15SNcDA_OH, 1
79_1, OH, Mouse, ch2, SNcDA, \001_140303A02_OH\001_140303A2MMP15SNcDA_OH, 1
80_1, OH, Mouse, ch2, SNcDA, \001_140303A03_OH\001_140303A3MMP15SNcDA_OH, 1
81_1, OH, Mouse, ch2, SNcDA, \001_140304A01_OH\001_140304A1MMP16SNcDA_OH, 1
82_1, OH, Mouse, ch2, SNcDA, \001_140304A02_OH\001_140304A2MMP16SNcDA_OH, 1
83_1, OH, Mouse, ch2, SNcDA, \001_140304A03_OH\001_140304A3MMP16SNcDA_OH, 1
84_1, OH, Mouse, ch2, SNcDA, \001_140304B01_OH\001_140304B1MMP16SNcDA_OH, 1
85_1, OH, Mouse, ch2, SNcDA, \001_140304B02_OH\001_140304B2MMP16SNcDA_OH, 1
86_1, OH, Mouse, ch2, SNcDA, \001_140304B03_OH\001_140304B3MMP16SNcDA_OH, 1
87_1, OH, Mouse, ch0, L5FS, \001_140404C01_OH\001_140404C1MMP15L5FS_OH, 1
88_1, OH, Mouse, ch2, L5FS, \001_140404A01_OH\001_140404A1MMP15L5FS_OH, 1
89_1, OH, Mouse, ch2, L5FS, \001_140404A02_OH\001_140404A2MMP15L5FS_OH, 1
90_1, OH, Mouse, ch2, L5FS, \001_140404A03_OH\001_140404A3MMP15L5FS_OH, 1
91_1, OH, Mouse, ch2, L5FS, \001_140404A04_OH\001_140404A4MMP15L5FS_OH, 1
92_1, OH, Mouse, ch2, L5FS, \001_140404B01_OH\001_140404B1MMP15L5FS_OH, 1
93_1, OH, Mouse, ch0, L5FS, \001_140404B02_OH\001_140404B2MMP15L5FS_OH, 1
94_1, RP, Rat, ch2, L2IN, \140313ChCeCode_1 Folder, 1
94_2, RP, Rat, ch10, L2IN, \140313ChCeCode_1 Folder, 1
95_1, RP, Rat, ch2, L2IN, \140313ChCeCode_2 Folder, 1
95_2, RP, Rat, ch20, L2PC, \140313ChCeCode_2 Folder, 1
96_1, RP, Rat, ch2, L2IN, \140313ChCeCode_2 Folder, 1
96_2, RP, Rat, ch20, L2PC, \140313ChCeCode_2 Folder, 1
97_1, RP, Rat, ch10, L5PC, \140313L5PCeCode_1 Folder, 1
97_2, RP, Rat, ch20, L5PC, \140313L5PCeCode_1 Folder, 1
98_1, RP, Rat, ch10, L5PC, \140313L5PCeCode_2 Folder, 1
98_2, RP, Rat, ch20, L5PC, \140313L5PCeCode_2 Folder, 1
99_1, RP, Rat, ch2, NO, \140314ChCeCode_1 Folder, 1
99_2, RP, Rat, ch10, L2IN, \140314ChCeCode_1 Folder, 1
99_3, RP, Rat, ch20, NO, \140314ChCeCode_1 Folder, 1
100_1, RP, Rat, ch2, NO, \140314ChCeCode_2 Folder, 1
100_2, RP, Rat, ch20, NO, \140314ChCeCode_2 Folder, 1
101_1, RP, Rat, ch2, L2IN, \140319ChCeCode_1 Folder, 1
101_2, RP, Rat, ch20, L2PC, \140319ChCeCode_1 Folder, 1
102_1, RP, Rat, ch2, L2IN, \140319ChCeCode_2 Folder, 1
103_1, RP, Rat, ch2, L2IN, \140319ChCeCode_3 Folder, 1
104_1, RP, Rat, ch2, L5IN, \140319ChCeCode_4 Folder, 1
105_1, RP, Rat, ch2, L2IN, \140320ChCeCode_1 Folder, 1
105_2, RP, Rat, ch20, L2IN, \140320ChCeCode_1 Folder, 1
106_1, RP, Rat, ch20, L2IN, \140320ChCeCode_2 Folder, 1
107_1, RP, Rat, ch2, L2IN, \140320ChCeCode_3 Folder, 1
107_2, RP, Rat, ch20, L2PC, \140320ChCeCode_3 Folder, 1
108_1, RP, Rat, ch2, NO, \140320ChCeCode_4 Folder, 1
108_2, RP, Rat, ch20, NO, \140320ChCeCode_4 Folder, 1
109_1, RP, Rat, ch2, L2PC, \140326ChCeCode_1 Folder, 1
109_2, RP, Rat, ch20, L2PC, \140326ChCeCode_1 Folder, 1
110_1, RP, Rat, ch2, L2PC, \140326ChCeCode_2 Folder, 1
110_2, RP, Rat, ch20, L2PC, \140326ChCeCode_2 Folder, 1
111_1, RP, Rat, ch2, L2IN, \140326ChCeCode_3 Folder, 1
111_2, RP, Rat, ch20, L2IN, \140326ChCeCode_3 Folder, 1
112_1, RP, Rat, ch2, L2PC, \140327ChCeCode_1 Folder, 1
112_2, RP, Rat, ch20, L2PC, \140327ChCeCode_1 Folder, 1
113_1, RP, Rat, ch2, L2PC, \140327ChCeCode_2 Folder, 1
113_2, RP, Rat, ch20, L2IN, \140327ChCeCode_2 Folder, 1
114_1, RP, Rat, ch2, L2IN, \140327ChCeCode_3 Folder, 1
115_1, RP, Rat, ch2, L2IN, \140327ChCeCode_4 Folder, 1
115_2, RP, Rat, ch20, L2IN, \140327ChCeCode_4 Folder, 1
116_1, RP, Rat, ch2, L2PC, \140327ChCeCode_5 Folder, 1
116_2, RP, Rat, ch20, L2PC, \140327ChCeCode_5 Folder, 1
117_1, RP, Rat, ch2, L2PC, \140328ChCeCode_1 Folder, 1
117_2, RP, Rat, ch20, L2PC, \140328ChCeCode_1 Folder, 1
118_1, RP, Rat, ch20, L2IN, \140328ChCeCode_2 Folder, 1
119_1, RP, Rat, ch20, L2IN, \140328ChCeCode_3 Folder, 1
120_1, RP, Rat, ch2, L2IN, \140328ChCeCode_4 Folder, 1
120_2, RP, Rat, ch20, L2IN, \140328ChCeCode_4 Folder, 1
121_1, RP, Rat, ch2, L2IN, \140402ChCeCode_1 Folder, 1
121_2, RP, Rat, ch20, L2PC, \140402ChCeCode_1 Folder, 1
122_1, RP, Rat, ch2, L2PC, \140402ChCeCode_2 Folder, 1
122_2, RP, Rat, ch20, L2PC, \140402ChCeCode_2 Folder, 1
123_1, RP, Rat, ch2, L2PC, \140404ChCeCode_1 Folder, 1
123_2, RP, Rat, ch20, L2PC, \140404ChCeCode_1 Folder, 1
123_3, RP, Rat, ch22, L2IN, \140404ChCeCode_1 Folder, 1
124_1, RP, Rat, ch2, L2IN, \140404ChCeCode_2 Folder, 1
124_2, RP, Rat, ch20, L2IN, \140404ChCeCode_2 Folder, 1
124_3, RP, Rat, ch22, L2IN, \140404ChCeCode_2 Folder, 1
125_1, RP, Rat, ch2, L2PC, \001_140409A01_RP Folder, 1
126_1, RP, Rat, ch2, L5PC, \001_140409A02_RP Folder, 1
126_2, RP, Rat, ch8, L5PC, \001_140409A02_RP Folder, 1
126_3, RP, Rat, ch20, L5PC, \001_140409A02_RP Folder, 1
127_1, RP, Rat, ch2, L2PC, \001_140409B01_RP Folder, 1
128_1, RP, Rat, ch2, L2PC, \001_140409B01_RP Folder, 1
129_1, RP, Rat, ch2, L2PC, \001_140409B01_RP Folder, 1
130_1, OH, Rat, ch2, L5PC, \001_140409B01_RP Folder, 0
131_1, OH, Rat, ch2, L5PC, \001_140409B01_RP Folder, 0
132_1, OH, Rat, ch2, L5PC, \001_140409B01_RP Folder, 0
133_1, OH, Rat, ch2, L5PC, \001_140409B01_RP Folder, 0
134_1, OH, Rat, ch2, L5PC, \001_140409B01_RP Folder, 0
135_1, OH, Rat, ch2, L5PC, \001_140409B01_RP Folder, 0
136_1, OH, Rat, ch2, L5PC, \001_140409B01_RP Folder, 0
137_1, OH, Rat, ch2, L5PC, \001_140409B01_RP Folder, 0
138_1, OH, Rat, ch2, L5PC, \001_140409B01_RP Folder, 0
139_1, OH, Rat, ch2, L5PC, \001_140409B01_RP Folder, 0
140_1, OH, Mouse, ch2, L5PC, \001_140409B01_RP Folder, 0
141_1, OH, Mouse, ch2, L5PC, \001_140409B01_RP Folder, 0
142_1, OH, Mouse, ch2, L5PC, \001_140409B01_RP Folder, 0
143_1, OH, Mouse, ch2, L5PC, \001_140409B01_RP Folder, 0
144_1, OH, Mouse, ch2, L5PC, \001_140409B01_RP Folder, 0
145_1, OH, Mouse, ch2, L5PC, \001_140409B01_RP Folder, 0
146_1, OH, Mouse, ch2, L5PC, \001_140409B01_RP Folder, 0
147_1, OH, Mouse, ch2, L5FS, \001_140210A01_OH\001_140210A1MMP14L5FS_OH, 0
148_1, OH, Mouse, ch2, L5IN, \001_140317A01_OH\001_140317A1MMP15L5IN_OH, 1
149_1, OH, Mouse, ch2, L5IN, \001_140317A02_OH\001_140317A2MMP15L5IN_OH, 1
150_1, OH, Mouse, ch2, L5IN, \001_140317A03_OH\001_140317A3MMP15L5IN_OH, 1
151_1, OH, Mouse, ch2, L5IN, \001_140317B01_OH\001_140317B1MMP15L5IN_OH, 1
152_1, OH, Mouse, ch2, L5IN, \001_140422A01_OH\001_140422A1MMP15L5IN_OH, 1
153_1, OH, Mouse, ch2, L5IN, \001_140422A02_OH\001_140422A2MMP15L5IN_OH, 1
154_1, OH, Mouse, ch2, L5IN, \001_140422B01_OH\001_140422B1MMP15L5IN_OH, 1
155_1, OH, Mouse, ch2, L5IN, \001_140422B02_OH\001_140422B2MMP15L5IN_OH, 1
156_1, OH, Mouse, ch2, L5IN, \001_140508A01_OH\001_140508A1MMP13L5IN_OH, 1
157_1, OH, Mouse, ch2, L5IN, \001_140508B01_OH\001_140508B1MMP13L5IN_OH, 1
158_1, OH, Mouse, ch2, L5IN, \001_140508B02_OH\001_140508B2MMP13L5IN_OH, 1
159_1, OH, Mouse, ch2, L5IN, \001_140508B03_OH\001_140508B3MMP13L5IN_OH, 1
160_1, OH, Mouse, ch2, L5IN, \001_140508B04_OH\001_140508B4MMP13L5IN_OH, 1
161_1, OH, Mouse, ch2, L5IN, \001_140509A01_OH\001_140509A1MMP14L5IN_OH, 1
162_1, OH, Mouse, ch2, L5IN, \001_140509A02_OH\001_140509A2MMP14L5IN_OH, 1
163_1, OH, Mouse, ch2, L5IN, \001_140509B01_OH\001_140509B1MMP14L5IN_OH, 1
164_1, OH, Mouse, ch2, L5IN, \001_140509B02_OH\001_140509B2MMP14L5IN_OH, 1
165_1, OH, Mouse, ch2, L5IN, \001_140509B03_OH\001_140509B3MMP14L5IN_OH, 1
166_1, OH, Mouse, ch2, L5IN, \001_140510A01_OH\001_140510A1MMP15L5IN_OH, 1
167_1, OH, Mouse, ch2, L5IN, \001_140510A02_OH\001_140510A2MMP15L5IN_OH, 1
168_1, OH, Mouse, ch2, L5IN, \001_140510A03_OH\001_140510A3MMP15L5IN_OH, 1
169_1, OH, Mouse, ch2, L5IN, \001_140510A04_OH\001_140510A4MMP15L5IN_OH, 1
170_1, OH, Mouse, ch2, L5IN, \001_140510B01_OH\001_140510B1MMP15L5IN_OH, 1
171_1, OH, Mouse, ch2, L5IN, \001_140510B02_OH\001_140510B2MMP15L5IN_OH, 1
172_1, OH, Mouse, ch2, L5IN, \001_140514A01_OH\001_140514A1MMP14L5IN_OH, 1
173_1, OH, Mouse, ch2, L5IN, \001_140514A02_OH\001_140514A2MMP14L5IN_OH, 0
174_1, OH, Mouse, ch2, L5IN, \001_140514B01_OH\001_140514B1MMP14L5IN_OH, 1
175_1, OH, Mouse, ch2, L5IN, \001_140514B02_OH\001_140514B2MMP14L5IN_OH, 1
176_1, OH, Mouse, ch2, L5IN, \001_140514C01_OH\001_140514C1MMP14L5IN_OH, 1
177_1, RP, Rat, ch18, Amygdala, \001_140702RP_A1 Folder, 1
177_2, RP, Rat, ch19, Amygdala, \001_140702RP_A1 Folder, 1
178_1, RP, Rat, ch8, Amygdala, \001_140704RP_A1 Folder, 1
179_1, RP, Rat, ch8, Amygdala, \001_140704RP_A2 Folder, 1
180_1, RP, Rat, ch4, Amygdala, \001_140709RP_A2 Folder, 1
181_1, RP, Rat, ch4, Amygdala, \001_140709RP_A3 Folder, 1
182_1, RP, Rat, ch18, Amygdala, \001_140717RP_A2 Folder, 1
183_1, RP, Rat, ch2, Amygdala, \001_140717RP_A3 Folder, 1
183_2, RP, Rat, ch18, Amygdala, \001_140717RP_A3 Folder, 1
184_1, RP, Rat, ch4, Amygdala, \001_140717RP_B1 Folder, 1
184_2, RP, Rat, ch18, Amygdala, \001_140717RP_B1 Folder, 1
185_1, RP, Rat, ch4, Amygdala, \001_140718RP_A1 Folder, 1
186_1, RP, Rat, ch4, Amygdala, \001_140718RP_A2 Folder, 1
186_2, RP, Rat, ch18, Amygdala, \001_140718RP_A2 Folder, 1
187_1, RP, Rat, ch18, Amygdala, \001_140718RP_B1 Folder, 1
188_1, RP, Rat, ch4, Amygdala, \001_140718RP_B2 Folder, 1
188_2, RP, Rat, ch18, Amygdala, \001_140718RP_B2 Folder, 1
189_1, RP, Rat, ch4, Amygdala, \001_140723RP_A1 Folder, 1
189_2, RP, Rat, ch18, Amygdala, \001_140723RP_A1 Folder, 1
190_1, RP, Rat, ch4, Amygdala, \001_140723RP_A2 Folder, 1
190_2, RP, Rat, ch18, Amygdala, \001_140723RP_A2 Folder, 1
191_1, RP, Rat, ch18, Amygdala, \001_140723RP_A3 Folder, 1
192_1, RP, Rat, ch18, Amygdala, \001_140724RP_A1 Folder, 1
193_1, RP, Rat, ch4, Amygdala, \001_140724RP_B1 Folder, 1
194_1, RP, Rat, ch18, Amygdala, \001_140724RP_B2 Folder, 1
195_1, RP, Rat, ch18, Amygdala, \001_140724RP_B3 Folder, 1
196_1, RP, Rat, ch18, Amygdala, \001_140724RP_B4 Folder, 1
197_1, MPG, Mouse, ch2, L5PC, \001_140407_A1_S1L5py_MPG Folder, 1
198_1, MPG, Mouse, ch2, L5PC, \001_140408_A1_S1L5py_MPG Folder, 1
199_1, MPG, Mouse, ch2, L5PC, \001_140509_A1_S1L5py_MPG Folder, 1
200_1, MPG, Mouse, ch2, L5PC, \001_140509_B1_S1L5py_MPG Folder, 1
201_1, MPG, Mouse, ch2, L5PC, \001_140512_A1_S1L5py_MPG Folder, 1
202_1, MPG, Mouse, ch2, L5PC, \001_140514_A1_S1L5py_MPG Folder, 1
203_1, MPG, Mouse, ch2, L5PC, \001_140514_B1_S1L5py_MPG Folder, 1
204_1, MPG, Mouse, ch2, L5PC, \001_140515_A1_S1L5py_MPG Folder, 1
205_1, MPG, Mouse, ch2, L5PC, \001_140516_A1_S1L5py_MPG Folder, 1
206_1, MPG, Mouse, ch2, L5PC, \001_140516_A2_S1L5py_MPG Folder, 1
207_1, MPG, Mouse, ch2, L5PC, \001_140516_B1_S1L5py_MPG Folder, 1
208_1, MPG, Mouse, ch2, L5PC, \001_140702_A1_S1L5py_MPG Folder, 1
209_1, RP, Rat, ch18, L2PC, \001_140502A01_RP Folder, 1
210_1, RP, Rat, ch20, L5PC, \001_140502B01_RP Folder, 1
211_1, RP, Rat, ch2, L2IN, \001_140507A01_RP Folder, 1
211_2, RP, Rat, ch20, L2IN, \001_140507A01_RP Folder, 1
212_1, RP, Rat, ch2, L5PC, \001_140507A02_RP Folder, 1
212_2, RP, Rat, ch20, L5PC, \001_140507A02_RP Folder, 1
213_1, RP, Rat, ch2, NO, \001_140507B01_RP Folder, 1
213_2, RP, Rat, ch20, L2IN, \001_140507B01_RP Folder, 1
214_1, RP, Rat, ch2, L5IN, \001_140508A01_RP Folder, 1
214_2, RP, Rat, ch20, L5IN, \001_140508A01_RP Folder, 1
215_1, RP, Rat, ch2, L5PC, \001_140508A02_RP Folder, 1
215_2, RP, Rat, ch20, L5PC, \001_140508A02_RP Folder, 1
216_1, RP, Rat, ch2, L5IN, \001_140508B01_RP Folder, 1
216_2, RP, Rat, ch20, L5IN, \001_140508B01_RP Folder, 1
217_1, RP, Rat, ch2, L5PC, \001_140508B02_RP Folder, 1
217_2, RP, Rat, ch20, L5PC, \001_140508B02_RP Folder, 1
218_1, RP, Rat, ch20, L2PC, \001_140508C01_RP Folder, 1
219_1, RP, Rat, ch4, L5IN, \001_140522A01_RP Folder, 1
220_1, RP, Rat, ch4, L5IN, \001_140522A02_RP Folder, 1
221_1, RP, Rat, ch4, L5IN, \001_140522A03_RP Folder, 1
222_1, RP, Rat, ch4, L5PC, \001_140522A04_RP Folder, 1
223_1, RP, Rat, ch4, L5PC, \001_140522B01_RP Folder, 1
224_1, RP, Rat, ch18, L5PC, \001_140523A01_RP Folder, 1
225_1, RP, Rat, ch18, L5IN, \001_140627RP_1 Folder, 1
226_1, RP, Rat, ch16, L5IN, \001_140627RP_2 Folder, 1
227_1, RP, Rat, ch16, L5PC, \001_140627RP_3 Folder, 1
228_1, RP, Rat, ch18, L5PC, \001_140627RP_4 Folder, 1
229_1, RP, Rat, ch4, L5PC, \001_140730RP_A1 Folder, 1
229_2, RP, Rat, ch18, L5PC, \001_140730RP_A1 Folder, 1
230_1, RP, Rat, ch4, L5PC, \001_140730RP_A2 Folder, 1
230_2, RP, Rat, ch18, L5PC, \001_140730RP_A2 Folder, 1
231_1, RP, Rat, ch4, L5PC, \001_140730RP_A3 Folder, 1
231_2, RP, Rat, ch18, L5PC, \001_140730RP_A3 Folder, 1
233_1, RP, Rat, ch4, L5PC, \001_140730RP_B1 Folder, 1
233_2, RP, Rat, ch18, L5PC, \001_140730RP_B1 Folder, 1
234_1, RP, Rat, ch4, L5PC, \001_140730RP_B2 Folder, 1
235_1, OH, Mouse, ch2, DA, \001_140731A01_OH\001_140731A1MMP13SNcDA_OH, 1
236_1, OH, Mouse, ch2, DA, \001_140731A02_OH\001_140731A2MMP13SNcDA_OH, 1
237_1, OH, Mouse, ch2, DA, \001_140731A03_OH\001_140731A3MMP13SNcDA_OH, 1
238_1, OH, Mouse, ch2, DA, \001_140731A04_OH\001_140731A4MMP13SNcDA_OH, 1
239_1, OH, Rat, ch2, CA1PC, \001_140521A01_OH\001_140521A1MRP14CA1Py_OH, 1
240_1, OH, Rat, ch2, CA1PC, \001_140521B01_OH\001_140521B1MRP14CA1Py_OH, 1
241_1, OH, Rat, ch2, CA1PC, \001_140521B02_OH\001_140521B2MRP14CA1Py_OH, 1
242_1, OH, Rat, ch2, CA1PC, \001_140521B03_OH\001_140521B3MRP14CA1Py_OH, 1
243_1, OH, Rat, ch2, CA1PC, \001_140807A01_OH\001_140807A1MRP15CA1Py_OH, 1
244_1, OH, Rat, ch2, CA1PC, \001_140807A02_OH\001_140807A2MRP15CA1Py_OH, 0
245_1, OH, Rat, ch2, CA1PC, \001_140807A03_OH\001_140807A3MRP15CA1Py_OH, 1
246_1, OH, Rat, ch2, CA1PC, \001_140807A04_OH\001_140807A4MRP15CA1Py_OH, 1
247_1, OH, Rat, ch2, CA1PC, \001_140807A05_OH\001_140807A5MRP15CA1Py_OH, 1
248_1, OH, Rat, ch2, CA1PC, \001_140807A06_OH\001_140807A6MRP15CA1Py_OH, 1
249_1, OH, Rat, ch2, CA1PC, \001_140807A07_OH\001_140807A7MRP15CA1Py_OH, 1
250_1, OH, Rat, ch2, CA1PC, \001_140807A08_OH\001_140807A8MRP15CA1Py_OH, 1
251_1, OH, Mouse, ch2, SNcDAProj, \001_140814A01_OH\001_140814A1MMP13SNcDA_OH, 1
252_1, OH, Mouse, ch2, SNcDAProj, \001_140814A02_OH\001_140814A2MMP13SNcDA_OH, 1
253_1, OH, Mouse, ch2, SNcDAProj, \001_140814A03_OH\001_140814A3MMP13SNcDA_OH, 1
254_1, OH, Mouse, ch2, SNcDAProj, \001_140814A04_OH\001_140814A4MMP13SNcDA_OH, 1
255_1, OH, Mouse, ch2, SNcDAProj, \001_140814B01_OH\001_140814B1MMP13SNcDA_OH, 1
256_1, OH, Mouse, ch2, SNcDAProj, \001_140815A01_OH\001_140815A1MMP14SNcDA_OH, 1
257_1, OH, Mouse, ch2, SNcDAProj, \001_140815B01_OH\001_140815B1MMP14SNcDA_OH, 1
258_1, OH, Mouse, ch2, SNcDAProj, \001_140815B02_OH\001_140815B2MMP14SNcDA_OH, 1
259_1, OH, Mouse, ch2, SNcDAProj, \001_140825A01_OH\001_140825A1MMP14SNcDA_OH, 1
260_1, OH, Mouse, ch2, SNcDAProj, \001_140825A02_OH\001_140825A2MMP14SNcDA_OH, 1
261_1, OH, Mouse, ch2, SNcDAProj, \001_140825A03_OH\001_140825A3MMP14SNcDA_OH, 1
262_1, OH, Mouse, ch2, SNcDAProj, \001_140825B01_OH\001_140825B1MMP14SNcDA_OH, 1
263_1, OH, Mouse, ch2, SNcDAProj, \001_140826A01_OH\001_140826A1MMP15SNcDA_OH, 1
264_1, OH, Mouse, ch2, SNcDAProj, \001_140826A02_OH\001_140826A2MMP15SNcDA_OH, 1
265_1, OH, Mouse, ch2, SNcDAProj, \001_140826A03_OH\001_140826A3MMP15SNcDA_OH, 1
266_1, OH, Mouse, ch2, SNcDAProj, \001_140826A04_OH\001_140826A4MMP15SNcDA_OH, 1
267_1, OH, Mouse, ch2, SNcDAProj, \001_140826A05_OH\001_140826A5MMP15SNcDA_OH, 1
268_1, OH, Mouse, ch2, SNcDAProj, \001_140827A01_OH\001_140827A1MMP16SNcDA_OH, 1
269_1, OH, Mouse, ch2, SNcDAProj, \001_140827A02_OH\001_140827A2MMP16SNcDA_OH, 1
270_1, OH, Mouse, ch2, SNcDAProj, \001_140827A03_OH\001_140827A3MMP16SNcDA_OH, 1
271_1, OH, Mouse, ch2, SNcDAProj, \001_140827B01_OH\001_140827B1MMP16SNcDA_OH, 1
272_1, OH, Mouse, ch2, SNcDAProj, \001_140905A01_OH\001_140905A1MMP15SNcDA_OH, 1
273_1, OH, Mouse, ch2, SNcDAProj, \001_140905A02_OH\001_140905A2MMP15SNcDA_OH, 1
274_1, OH, Mouse, ch2, SNcDAProj, \001_140905A03_OH\001_140905A3MMP15SNcDA_OH, 1
275_1, OH, Mouse, ch2, SNcDAProj, \001_140905A04_OH\001_140905A4MMP15SNcDA_OH, 1
276_1, OH, Mouse, ch2, SNcDAProj, \001_140905B01_OH\001_140905B1MMP15SNcDA_OH, 1
277_1, OH, Mouse, ch2, SNcDAProj, \001_140905B02_OH\001_140905B2MMP15SNcDA_OH, 1
278_1, OH, Mouse, ch2, SNcDAProj, \001_140908A01_OH\001_140908A1MMP15SNcDA_OH, 1
279_1, OH, Mouse, ch2, SNcDAProj, \001_140908A02_OH\001_140908A2MMP15SNcDA_OH, 1
280_1, OH, Mouse, ch2, SNcDAProj, \001_140908A03_OH\001_140908A3MMP15SNcDA_OH, 1
282_1, OH, Mouse, ch2, SNcDAProj, \001_140916A01_OH\001_140916A1MMP13SNcDA_OH, 1
283_1, OH, Mouse, ch2, SNcDAProj, \001_140916A02_OH\001_140916A2MMP13SNcDA_OH, 1
284_1, OH, Mouse, ch2, SNcDAProj, \001_140916B01_OH\001_140916B1MMP13SNcDA_OH, 1
285_1, OH, Mouse, ch2, SNcDAProj, \001_140916B02_OH\001_140916B2MMP13SNcDA_OH, 1
286_1, OH, Mouse, ch2, SNcDAProj, \001_140916B03_OH\001_140916B3MMP13SNcDA_OH, 1
287_1, OH, Mouse, ch2, SNcDAProj, \001_140917A01_OH\001_140917A1MMP14SNcDA_OH, 1
288_1, OH, Mouse, ch2, SNcDAProj, \001_140917A02_OH\001_140917A2MMP14SNcDA_OH, 1
289_1, OH, Mouse, ch2, SNcDAProj, \001_140917A03_OH\001_140917A3MMP14SNcDA_OH, 1
290_1, OH, Mouse, ch2, SNcDAProj, \001_140918A01_OH\001_140918A1MMP14SNcDA_OH, 1
291_1, OH, Mouse, ch2, SNcDAProj, \001_140918A02_OH\001_140918A2MMP14SNcDA_OH, 1
292_1, OH, Mouse, ch2, SNcDAProj, \001_140918A03_OH\001_140918A3MMP14SNcDA_OH, 1
293_1, OH, Mouse, ch2, SNcDAProj, \001_140918A04_OH\001_140918A4MMP14SNcDA_OH, 1
294_1, OH, Mouse, ch2, SNcDAProj, \001_140919A01_OH\001_140919A1MMP14SNcDA_OH, 1
295_1, OH, Mouse, ch2, SNcDAProj, \001_140919A02_OH\001_140919A2MMP14SNcDA_OH, 1
296_1, OH, Mouse, ch2, SNcDAProj, \001_140919A03_OH\001_140919A3MMP14SNcDA_OH, 1
297_1, OH, Mouse, ch2, SNcDAProj, \001_140919A04_OH\001_140919A4MMP14SNcDA_OH, 1
298_1, OH, Mouse, ch2, SNcDAProj, \001_140919B01_OH\001_140919B1MMP14SNcDA_OH, 1
299_1, OH, Mouse, ch2, SNcDAProj, \001_140929A01_OH\001_140929A1MMP16SNcDA_OH, 1
300_1, OH, Mouse, ch2, SNcDAProj, \001_140929A02_OH\001_140929A2MMP16SNcDA_OH, 1
300_2, OH, Mouse, ch4, SNcDAProj, \001_140929A02_OH\001_140929A2MMP16SNcDA_OH, 1
301_1, OH, Mouse, ch2, SNcDAProj, \001_140930A01_OH\001_140930A1MMP13SNcDA_OH, 1
301_2, OH, Mouse, ch4, SNcDAProj, \001_140930A01_OH\001_140930A1MMP13SNcDA_OH, 1
302_1, OH, Mouse, ch2, SNcDAProj, \001_141001A01_OH\001_141001A1MMP14SNcDA_OH, 1
303_1, OH, Mouse, ch2, SNcDAProj, \001_141001A02_OH\001_141001A2MMP14SNcDA_OH, 1
304_1, OH, Mouse, ch2, SNcDAProj, \001_141001A03_OH\001_141001A3MMP14SNcDA_OH, 1
305_1, OH, Mouse, ch2, SNcDAProj, \001_141001A04_OH\001_141001A4MMP14SNcDA_OH, 1
306_1, OH, Mouse, ch2, SNcDAProj, \001_141002A01_OH\001_141002A1MMP15SNcDA_OH, 1
307_1, OH, Mouse, ch2, SNcDAProj, \001_141002A02_OH\001_141002A2MMP15SNcDA_OH, 1
308_1, MPG, Mouse, ch2,Amygdala, \001_140828_A1_LApy_MPG Folder, 1
309_1, MPG, Mouse, ch2,Amygdala, \001_140902_A1_LApy_MPG Folder, 1
310_1, MPG, Mouse, ch2,Amygdala, \001_140903_A1_LApy_MPG Folder, 1
311_1, MPG, Mouse, ch2,Amygdala, \001_140910_A1_LApy_MPG Folder, 1
312_1, MPG, Rat, ch2, CA1PC, \001_141015_A1_CA1py_R_MPG Folder, 1
313_1, MPG, Mouse, ch2,Amygdala, \001_141027_A1_LApy_MPG Folder, 1
314_1, MPG, Mouse, ch2,Amygdala, \001_141027_B1_LApy_MPG Folder, 1
315_1, MPG, Mouse, ch2,Amygdala, \001_141028_A1_LApy_MPG Folder, 1
316_1, MPG, Mouse, ch2,Amygdala, \001_141028_A2_LApy_MPG Folder, 1
317_1, MPG, Mouse, ch2,Amygdala, \001_141028_B1_LApy_MPG Folder, 1
318_1, MPG, Mouse, ch2,Amygdala, \001_141028_B2_LApy_MPG Folder, 1
319_1, MPG, Mouse, ch2,Amygdala, \001_141029_A1_LApy_MPG Folder, 1
320_1, MPG, Mouse, ch2,Amygdala, \001_141029_B1_LApy_MPG Folder, 1
321_1, MPG, Mouse, ch2,Amygdala, \001_141029_B2_LApy_MPG Folder, 1
322_1, MPG, Mouse, ch2,Amygdala, \001_141106_A1_LApy_MPG Folder, 1
323_1, MPG, Mouse, ch2,Amygdala, \001_141106_A2_LApy_MPG Folder, 0
324_1, MPG, Mouse, ch2,Amygdala, \001_141110_A1_LApy_MPG Folder, 1
325_1, MPG, Mouse, ch2,Amygdala, \001_141110_A2_LApy_MPG Folder, 1
326_1, MPG, Mouse, ch2,Amygdala, \001_141111_A1_LApy_MPG Folder, 1
327_1, MPG, Mouse, ch2,Amygdala, \001_141111_B1_LApy_MPG Folder, 1
328_1, MPG, Mouse, ch2,Amygdala, \001_141112_A1_LApy_MPG Folder, 1
329_1, MPG, Mouse, ch2,Amygdala, \001_141112_A2_LApy_MPG Folder, 1
330_1, MPG, Mouse, ch2,Amygdala, \001_141112_B1_LApy_MPG Folder, 1
331_1, MPG, Mouse, ch2,Amygdala, \001_141117_A1_LApy_MPG Folder, 1
332_1, MPG, Mouse, ch2,Amygdala, \001_141117_B1_LApy_MPG Folder, 1
333_1, MPG, Mouse, ch2,Amygdala, \001_141118_A1_LApy_MPG Folder, 1
334_1, MPG, Mouse, ch2,Amygdala, \001_141118_A2_LApy_MPG Folder, 1
335_1, MPG, Mouse, ch2,Amygdala, \001_141118_B1_LApy_MPG Folder, 1
336_1, MPG, Mouse, ch2,Amygdala, \001_141120_A1_LApy_MPG Folder, 1
337_1, MPG, Mouse, ch2,Amygdala, \001_141120_A2_LApy_MPG Folder, 1
338_1, MPG, Mouse, ch2,Amygdala, \001_141120_B1_LApy_MPG Folder, 1
339_1, MPG, Mouse, ch2,Amygdala, \001_141120_B2_LApy_MPG Folder, 1
340_1, MPG, Rat, ch2, CA1PC, \001_141208_A2_CA1py_R_MPG Folder\001_141208_A2_CA1py_R_MPG Folder, 1
341_1, MPG, Rat, ch2, CA1PC, \001_141208_B1_CA1py_R_MPG Folder\001_141208_B1_CA1py_R_MPG Folder, 1
342_1, MPG, Rat, ch2, CA1PC, \001_141209_A1_CA1py_R_MPG Folder\001_141209_A1_CA1py_R_MPG Folder, 1
343_1, MPG, Rat, ch2, CA1PC, \001_141209_B1_CA1py_R_MPG Folder\001_141209_B1_CA1py_R_MPG Folder, 1
344_1, MPG, Rat, ch2, CA1PC, \001_141215_A1_CA1py_R_MPG Folder\001_141215_A1_CA1py_R_MPG Folder, 1
345_1, MPG, Rat, ch2, CA1PC, \001_141216_A1_CA1py_R_MPG Folder\001_141216_A1_CA1py_R_MPG Folder, 1
346_1, MPG, Rat, ch2, CA1PC, \001_141216_A2_CA1py_R_MPG Folder\001_141216_A2_CA1py_R_MPG Folder, 1
347_1, MPG, Rat, ch2, CA1PC, \001_141217_A1_CA1py_R_MPG Folder\001_141217_A1_CA1py_R_MPG Folder, 1
348_1, MPG, Mouse, ch2, L5PC, \001_150119_A1_S1L5py_MPG Folder\001_150119_A1_S1L5py_MPG Folder, 1
349_1, MPG, Mouse, ch2, L5PC, \001_150119_B1_S1L5py_MPG Folder\001_150119_B1_S1L5py_MPG Folder, 1
350_1, MPG, Mouse, ch2, L5PC, \001_150122_A1_S1L5py_MPG Folder\001_150122_A1_S1L5py_MPG Folder, 1
351_1, MPG, Mouse, ch2, L5PC, \001_150122_A2_S1L5py_MPG Folder\001_150122_A2_S1L5py_MPG Folder, 1
352_1, MPG, Mouse, ch2, L5PC, \001_150127_A1_S1L5py_MPG Folder\001_150127_A1_S1L5py_MPG Folder, 1
353_1, MPG, Mouse, ch2, L5PC, \001_150209_A1_S1L5py_MPG Folder\001_150209_A1_S1L5py_MPG Folder, 1
354_1, MPG, Mouse, ch2, L5PC, \001_150209_A2_S1L5py_MPG Folder\001_150209_A2_S1L5py_MPG Folder, 1
355_1, MPG, Mouse, ch2, CA1PC, \001_150211_A2_CA1py_MPG Folder\001_150211_A2_CA1py_MPG Folder, 1
356_1, MPG, Mouse, ch2, CA1PC, \001_150216_A1_CA1py_MPG Folder\001_150216_A1_CA1py_MPG Folder, 1
357_1, MPG, Mouse, ch2, CA1PC, \001_150216_A2_CA1py_MPG Folder\001_150216_A2_CA1py_MPG Folder, 1
358_1, MPG, Mouse, ch2, CA1PC, \001_150217_A1_CA1py_MPG Folder\001_150217_A1_CA1py_MPG Folder, 1
359_1, MPG, Mouse, ch2, CA1PC, \001_150217_A2_CA1py_MPG Folder\001_150217_A2_CA1py_MPG Folder, 1
360_1, MPG, Mouse, ch2, CA1PC, \001_150217_A3_CA1py_MPG Folder\001_150217_A3_CA1py_MPG Folder, 1
361_1, MPG, Mouse, ch2, CA1PC, \001_150218_A1_CA1py_MPG Folder\001_150218_A1_CA1py_MPG Folder, 1
362_1, MPG, Mouse, ch2, CA1PC, \001_150218_A2_CA1py_MPG Folder\001_150218_A2_CA1py_MPG Folder, 1
363_1, MPG, Mouse, ch2, CA1PC, \001_150223_A1_CA1py_MPG Folder\001_150223_A1_CA1py_MPG Folder, 1
364_1, MPG, Mouse, ch2, CA1PC, \001_150223_B1_CA1py_MPG Folder\001_150223_B1_CA1py_MPG Folder, 1
365_1, MPG, Mouse, ch2, CA1PC, \001_150224_A1_CA1py_MPG Folder\001_150224_A1_CA1py_MPG Folder, 1
366_1, MPG, Mouse, ch2, CA1PC, \001_150224_A2_CA1py_MPG Folder\001_150224_A2_CA1py_MPG Folder, 1
367_1, MPG, Mouse, ch2, CA1PC, \001_150224_B1_CA1py_MPG Folder\001_150224_B1_CA1py_MPG Folder, 1
368_1, MPG, Mouse, ch2, CA1PC, \001_150224_B2_CA1py_MPG Folder\001_150224_B2_CA1py_MPG Folder, 1
369_1, MPG, Mouse, ch2, CA1PC, \001_150226_A1_CA1py_MPG Folder\001_150226_A1_CA1py_MPG Folder, 1
370_1, MPG, Mouse, ch2, CA1PC, \001_150302_A1_CA1py_MPG Folder\001_150302_A1_CA1py_MPG Folder, 1
371_1, MPG, Mouse, ch2, CA1PC, \001_150303_A1_CA1py_MPG Folder\001_150303_A1_CA1py_MPG Folder, 1
372_1, MPG, Mouse, ch2, CA1PC, \001_150303_A2_CA1py_MPG Folder\001_150303_A2_CA1py_MPG Folder, 1
373_1, MPG, Mouse, ch2, CA1PC, \001_150304_A1_CA1py_MPG Folder\001_150304_A1_CA1py_MPG Folder, 1
374_1, MPG, Mouse, ch2, CA1PC, \001_150304_A2_CA1py_MPG Folder\001_150304_A2_CA1py_MPG Folder, 1
375_1, MPG, Mouse, ch2, CA1PC, \001_150304_A3_CA1py_MPG Folder\001_150304_A3_CA1py_MPG Folder, 1
376_1, MPG, Rat, ch2, CA1PC, \001_150305_A1_CA1py_R_MPG Folder\001_150305_A1_CA1py_R_MPG Folder, 1
281_1, OH, Mouse, ch2, SNcDAProj, \001_140908A04_OH\001_140908A4MMP15SNcDA_OH, 1
377_1, OH, Mouse, ch2, SNcDAProj, \001_140402A01_OH\001_140402A1MMP15SNcDA_OH, 1
378_1, OH, Mouse, ch2, SNcDAProj, \001_140402A02_OH\001_140402A2MMP15SNcDA_OH, 1
379_1, OH, Mouse, ch2, SNcDAProj, \001_140402A03_OH\001_140402A3MMP15SNcDA_OH, 1
380_1, OH, Mouse, ch2, SNcDAProj, \001_140402A04_OH\001_140402A4MMP15SNcDA_OH, 1
381_1, OH, Mouse, ch2, SNcDAProj, \001_140402B01_OH\001_140402B1MMP15SNcDA_OH, 1
382_1, OH, Mouse, ch2, SNcDAProj, \001_140402B02_OH\001_140402B2MMP15SNcDA_OH, 1
383_1, OH, Mouse, ch2, SNcDAProj, \001_140731A01_OH\001_140731A1MMP13SNcDA_OH, 1
384_1, OH, Mouse, ch2, SNcDAProj, \001_140731A02_OH\001_140731A2MMP13SNcDA_OH, 1
385_1, OH, Mouse, ch2, SNcDAProj, \001_140731A03_OH\001_140731A3MMP13SNcDA_OH, 1
386_1, OH, Mouse, ch2, SNcDAProj, \001_140731A04_OH\001_140731A4MMP13SNcDA_OH, 1
387_1, OH, Mouse, ch2, SNcDAProj, \001_141028A01_OH\001_141028A1MMP13SNcDA_OH, 1
388_1, OH, Mouse, ch2, SNcDAProj, \001_141028A02_OH\001_141028A2MMP13SNcDA_OH, 1
389_1, OH, Mouse, ch2, SNcDAProj, \001_141028A03_OH\001_141028A3MMP13SNcDA_OH, 1
390_1, OH, Mouse, ch2, SNcDAProj, \001_141028A04_OH\001_141028A4MMP13SNcDA_OH, 1
391_1, OH, Mouse, ch2, SNcDAProj, \001_141028A05_OH\001_141028A5MMP13SNcDA_OH, 1
392_1, OH, Mouse, ch2, SNcDAProj, \001_141029A01_OH\001_141029A1MMP14SNcDA_OH, 1
393_1, OH, Mouse, ch2, SNcDAProj, \001_141029A02_OH\001_141029A2MMP14SNcDA_OH, 1
394_1, OH, Mouse, ch2, SNcDAProj, \001_141029A03_OH\001_141029A3MMP14SNcDA_OH, 1
395_1, OH, Mouse, ch2, SNcDAProj, \001_141029A04_OH\001_141029A4MMP14SNcDA_OH, 1
396_1, OH, Mouse, ch2, SNcDAProj, \001_141029A05_OH\001_141029A5MMP14SNcDA_OH, 1
397_1, OH, Mouse, ch2, SNcDAProj, \001_141216A01_OH\001_141216A1MMP16SNcDA_OH, 1
398_1, OH, Mouse, ch2, SNcDAProj, \001_141216A02_OH\001_141216A2MMP16SNcDA_OH, 1
399_1, OH, Mouse, ch2, SNcDAProj, \001_141216A03_OH\001_141216A3MMP16SNcDA_OH, 1
400_1, OH, Mouse, ch2, SNcDAProj, \001_141216A04_OH\001_141216A4MMP16SNcDA_OH, 1
401_1, OH, Mouse, ch2, SNcDAProj, \001_150211A01_OH\001_150211A1MMP14SNcDA_OH, 1
402_1, OH, Mouse, ch2, SNcDAProj, \001_150211A02_OH\001_150211A2MMP14SNcDA_OH, 1
403_1, OH, Mouse, ch2, SNcDAProj, \001_150211A03_OH\001_150211A3MMP14SNcDA_OH, 1
404_1, OH, Mouse, ch2, SNcDAProj, \001_150211A04_OH\001_150211A4MMP14SNcDA_OH, 1
405_1, OH, Mouse, ch2, SNcDAProj, \001_150211A05_OH\001_150211A5MMP14SNcDA_OH, 1
406_1, OH, Mouse, ch2, SNcDAProj, \001_150211B01_OH\001_150211B1MMP14SNcDA_OH, 1
407_1, OH, Mouse, ch2, SNcDAProj, \001_150211B02_OH\001_150211B2MMP14SNcDA_OH, 1
408_1, OH, Mouse, ch2, SNcDAProj, \001_150306A01_OH\001_150306A1MMP13SNcDA_OH, 1
409_1, OH, Mouse, ch2, SNcDAProj, \001_150306A02_OH\001_150306A2MMP13SNcDA_OH, 1
410_1, OH, Mouse, ch2, SNcDAProj, \001_150306A03_OH\001_150306A3MMP13SNcDA_OH, 1
411_1, OH, Mouse, ch2, SNcDAProj, \001_150306A04_OH\001_150306A4MMP13SNcDA_OH, 1
412_1, OH, Mouse, ch2, SNcDAProj, \001_150309A01_OH\001_150309A1MMP16SNcDA_OH, 1
413_1, OH, Mouse, ch2, SNcDAProj, \001_150309A02_OH\001_150309A2MMP16SNcDA_OH, 1
414_1, OH, Mouse, ch2, SNcDAProj, \001_150408A01_OH\001_150408A1MMP14SNcDA_OH, 1
415_1, OH, Mouse, ch2, SNcDAProj, \001_150408A02_OH\001_150408A2MMP14SNcDA_OH, 1
416_1, OH, Mouse, ch2, SNcDAProj, \001_150408A03_OH\001_150408A3MMP14SNcDA_OH, 1
417_1, OH, Mouse, ch2, SNcDAProj, \001_150408A04_OH\001_150408A4MMP14SNcDA_OH, 1
418_1, OH, Mouse, ch2, SNcDAProj, \001_150408A05_OH\001_150408A5MMP14SNcDA_OH, 1
419_1, OH, Mouse, ch2, SNcDAProj, \001_150409A01_OH\001_150409A1MMP15SNcDA_OH, 1
420_1, OH, Mouse, ch2, SNcDAProj, \001_150409A02_OH\001_150409A2MMP15SNcDA_OH, 1
421_1, OH, Mouse, ch2, SNcDAProj, \001_150409A03_OH\001_150409A3MMP15SNcDA_OH, 1
422_1, OH, Mouse, ch2, SNcDAProj, \001_150409B01_OH\001_150409B1MMP15SNcDA_OH, 1
423_1, OH, Mouse, ch2, SNcDAProj, \001_150409B02_OH\001_150409B2MMP15SNcDA_OH, 1
424_1, OH, Mouse, ch2, SNcDAProj, \001_150409B03_OH\001_150409B3MMP15SNcDA_OH, 1
425_1, OH, Mouse, ch2, SNcDAProj, \001_150410A01_OH\001_150410A1MMP16SNcDA_OH, 1
426_1, OH, Mouse, ch2, SNcDAProj, \001_150410A02_OH\001_150410A2MMP16SNcDA_OH, 1
427_1, OH, Mouse, ch2, SNcDAProj, \001_150410A03_OH\001_150410A3MMP16SNcDA_OH, 1
428_1, OH, Mouse, ch2, SNcDAProj, \001_150410A04_OH\001_150410A4MMP16SNcDA_OH, 1
429_1, OH, Mouse, ch2, SNcDAProj, \001_150410B01_OH\001_150410B1MMP16SNcDA_OH, 1
430_1, OH, Mouse, ch2, SNcDAProj, \001_150410B02_OH\001_150410B2MMP16SNcDA_OH, 1
431_1, OH, Mouse, ch2, DAFill, \002_141119A1_OH\002_141119A1MMP15SNcDA_OH, 1
432_1, OH, Mouse, ch2, DAFill, \002_141119A2_OH\002_141119A2MMP15SNcDA_OH, 1
433_1, OH, Mouse, ch2, DAFill, \002_141119A3_OH\002_141119A3MMP15SNcDA_OH, 1
434_1, OH, Mouse, ch2, DAFill, \002_141119A4_OH\002_141119A4MMP15SNcDA_OH, 1
435_1, OH, Mouse, ch2, DAFill, \002_141119A5_OH\002_141119A5MMP15SNcDA_OH, 1
436_1, OH, Mouse, ch2, DAFill, \002_141119A6_OH\002_141119A6MMP15SNcDA_OH, 1
437_1, OH, Mouse, ch2, DAFill, \002_141119B1_OH\002_141119B1MMP15SNcDA_OH, 1
438_1, OH, Mouse, ch2, DAFill, \002_141119B2_OH\002_141119B2MMP15SNcDA_OH, 1
439_1, OH, Mouse, ch2, DAFill, \002_141119B3_OH\002_141119B3MMP15SNcDA_OH, 1
440_1, OH, Mouse, ch2, DAFill, \002_141119B4_OH\002_141119B4MMP15SNcDA_OH, 1
441_1, OH, Mouse, ch2, DAFill, \002_141120A1_OH\002_141120A1MMP16SNcDA_OH, 1
442_1, OH, Mouse, ch2, DAFill, \002_141120A2_OH\002_141120A2MMP16SNcDA_OH, 1
443_1, OH, Mouse, ch2, DAFill, \002_141120A3_OH\002_141120A3MMP16SNcDA_OH, 1
444_1, OH, Mouse, ch2, DAFill, \002_141120A4_OH\002_141120A4MMP16SNcDA_OH, 1
445_1, OH, Mouse, ch2, DAFill, \002_141120A5_OH\002_141120A5MMP16SNcDA_OH, 1
446_1, OH, Mouse, ch2, DAFill, \002_141120B1_OH\002_141120B1MMP16SNcDA_OH, 1
447_1, OH, Mouse, ch2, DAFill, \002_141120B2_OH\002_141120B2MMP16SNcDA_OH, 1
448_1, OH, Mouse, ch2, DAFill, \002_141120B3_OH\002_141120B3MMP16SNcDA_OH, 1
449_1, OH, Mouse, ch2, DAFill, \002_141120B4_OH\002_141120B4MMP16SNcDA_OH, 1
450_1, OH, Mouse, ch2, DAFill, \002_141120B5_OH\002_141120B5MMP16SNcDA_OH, 1
451_1, OH, Mouse, ch2, DAFill, \002_141124A1_OH\002_141124A1MMP14SNcDA_OH, 1
452_1, OH, Mouse, ch2, DAFill, \002_141124A2_OH\002_141124A2MMP14SNcDA_OH, 0
453_1, OH, Mouse, ch2, DAFill, \002_141124A3_OH\002_141124A3MMP14SNcDA_OH, 1
454_1, OH, Mouse, ch2, DAFill, \002_141124A4_OH\002_141124A4MMP14SNcDA_OH, 1
455_1, OH, Mouse, ch2, DAFill, \002_141124A5_OH\002_141124A5MMP14SNcDA_OH, 1
456_1, OH, Mouse, ch2, DAFill, \002_141124B1_OH\002_141124B1MMP14SNcDA_OH, 1
457_1, OH, Mouse, ch2, DAFill, \002_141124B2_OH\002_141124B2MMP14SNcDA_OH, 1
458_1, OH, Mouse, ch2, DAFill, \002_141124B3_OH\002_141124B3MMP14SNcDA_OH, 1
459_1, OH, Mouse, ch2, DAFill, \002_141124B4_OH\002_141124B4MMP14SNcDA_OH, 1
460_1, OH, Mouse, ch2, DAFill, \002_141124B5_OH\002_141124B5MMP14SNcDA_OH, 1
461_1, OH, Mouse, ch2, DAFill, \002_141209A1_OH\002_141209A1MMP16SNcDA_OH, 0
462_1, OH, Mouse, ch2, DAFill, \002_141209A2_OH\002_141209A2MMP16SNcDA_OH, 1
463_1, OH, Mouse, ch2, DAFill, \002_141209A3_OH\002_141209A3MMP16SNcDA_OH, 1
464_1, OH, Mouse, ch2, DAFill, \002_141209A4_OH\002_141209A4MMP16SNcDA_OH, 1
465_1, OH, Mouse, ch2, DAFill, \002_141209A5_OH\002_141209A5MMP16SNcDA_OH, 1
466_1, OH, Mouse, ch2, DAFill, \002_141209B1_OH\002_141209B1MMP16SNcDA_OH, 1
467_1, OH, Mouse, ch2, DAFill, \002_141209B2_OH\002_141209B2MMP16SNcDA_OH, 1
468_1, OH, Mouse, ch2, DAFill, \002_141209B3_OH\002_141209B3MMP16SNcDA_OH, 1
469_1, OH, Mouse, ch2, DAFill, \002_150313A1_OH\002_150313A1MMP16SNcDA_OH, 1
470_1, OH, Mouse, ch2, DAFill, \002_150313A2_OH\002_150313A2MMP16SNcDA_OH, 1
471_1, OH, Mouse, ch2, DAFill, \002_150313A3_OH\002_150313A3MMP16SNcDA_OH, 1
472_1, OH, Mouse, ch2, DAFill, \002_150313A4_OH\002_150313A4MMP16SNcDA_OH, 1
473_1, OH, Mouse, ch2, DAFill, \002_150313A5_OH\002_150313A5MMP16SNcDA_OH, 1
474_1, OH, Mouse, ch2, DAFill, \002_150313B1_OH\002_150313B1MMP16SNcDA_OH, 1
475_1, OH, Mouse, ch2, DAFill, \002_150313B2_OH\002_150313B2MMP16SNcDA_OH, 1
476_1, OH, Mouse, ch2, DAFill, \002_150313B3_OH\002_150313B3MMP16SNcDA_OH, 1
477_1, OH, Mouse, ch2, DAFill, \002_150313B4_OH\002_150313B4MMP16SNcDA_OH, 1
478_1, OH, Mouse, ch2, DAFill, \002_150313B5_OH\002_150313B5MMP16SNcDA_OH, 1
479_1, OH, Mouse, ch2, DAFill, \002_150313B6_OH\002_150313B6MMP16SNcDA_OH, 1
480_1, OH, Mouse, ch2, DAFill, \002_150313B7_OH\002_150313B7MMP16SNcDA_OH, 1
481_1, OH, Mouse, ch2, DAFill, \002_150316A1_OH\002_150316A1MMP14SNcDA_OH, 1
482_1, OH, Mouse, ch2, DAFill, \002_150316A2_OH\002_150316A2MMP14SNcDA_OH, 1
483_1, OH, Mouse, ch2, DAFill, \002_150316A3_OH\002_150316A3MMP14SNcDA_OH, 1
484_1, OH, Mouse, ch2, DAFill, \002_150316A4_OH\002_150316A4MMP14SNcDA_OH, 1
485_1, OH, Mouse, ch2, DAFill, \002_150316A5_OH\002_150316A5MMP14SNcDA_OH, 1
486_1, OH, Mouse, ch2, DAFill, \002_150316B1_OH\002_150316B1MMP14SNcDA_OH, 1
487_1, OH, Mouse, ch2, DAFill, \002_150316B2_OH\002_150316B2MMP14SNcDA_OH, 1
488_1, OH, Mouse, ch2, DAFill, \002_150316B3_OH\002_150316B3MMP14SNcDA_OH, 1
489_1, OH, Mouse, ch2, DAFill, \002_150316B4_OH\002_150316B4MMP14SNcDA_OH, 1
490_1, OH, Mouse, ch2, DAFill, \002_150316B5_OH\002_150316B5MMP14SNcDA_OH, 1
491_1, OH, Mouse, ch2, DAFill, \002_150316B6_OH\002_150316B6MMP14SNcDA_OH, 1
492_1, OH, Mouse, ch2, DAFill, \002_150317A1_OH\002_150317A1MMP15SNcDA_OH, 1
493_1, OH, Mouse, ch2, DAFill, \002_150317A2_OH\002_150317A2MMP15SNcDA_OH, 1
494_1, OH, Mouse, ch2, DAFill, \002_150317A3_OH\002_150317A3MMP15SNcDA_OH, 1
495_1, OH, Mouse, ch2, DAFill, \002_150317A4_OH\002_150317A4MMP15SNcDA_OH, 1
496_1, OH, Mouse, ch2, DAFill, \002_150317B1_OH\002_150317B1MMP15SNcDA_OH, 1
497_1, OH, Mouse, ch2, DAFill, \002_150317B2_OH\002_150317B2MMP15SNcDA_OH, 1
498_1, OH, Mouse, ch2, DAFill, \002_150317B3_OH\002_150317B3MMP15SNcDA_OH, 1
499_1, OH, Mouse, ch2, DAFill, \002_150317B4_OH\002_150317B4MMP15SNcDA_OH, 1
500_1, OH, Mouse, ch2, DAFill, \002_150317B5_OH\002_150317B5MMP15SNcDA_OH, 1
501_1, OH, Mouse, ch2, DAFill, \002_150317B6_OH\002_150317B6MMP15SNcDA_OH, 1
502_1, OH, Mouse, ch2, DAFill, \002_150916A1_OH\002_150916A1MMP14SNcDA_OH, 1
503_1, OH, Mouse, ch2, DAFill, \002_150916B1_OH\002_150916B1MMP14SNcDA_OH, 1
504_1, OH, Mouse, ch2, DAFill, \002_150916B2_OH\002_150916B2MMP14SNcDA_OH, 1
505_1, OH, Mouse, ch2, DAFill, \002_150916B3_OH\002_150916B3MMP14SNcDA_OH, 1
506_1, OH, Mouse, ch2, DAFill, \002_150916C1_OH\002_150916C1MMP14SNcDA_OH, 1
507_1, OH, Mouse, ch2, DAFill, \002_150916C2_OH\002_150916C2MMP14SNcDA_OH, 1
508_1, OH, Mouse, ch2, DAFill, \002_150916C3_OH\002_150916C3MMP14SNcDA_OH, 1
509_1, OH, Mouse, ch2, DAFill, \002_150916C4_OH\002_150916C4MMP14SNcDA_OH, 1
510_1, OH, Mouse, ch2, DAFill, \002_150916D1_OH\002_150916D1MMP14SNcDA_OH, 1
511_1, OH, Mouse, ch2, DAFill, \002_150916D2_OH\002_150916D2MMP14SNcDA_OH, 1
512_1, OH, Mouse, ch2, DAFill, \002_150916D3_OH\002_150916D3MMP14SNcDA_OH, 1
513_1, OH, Mouse, ch2, DAFill, \002_150918A1_OH\002_150918A1MMP15SNcDA_OH, 1
514_1, OH, Mouse, ch2, DAFill, \002_150918B1_OH\002_150918B1MMP15SNcDA_OH, 1
515_1, OH, Mouse, ch2, DAFill, \002_150918B2_OH\002_150918B2MMP15SNcDA_OH, 1
516_1, OH, Mouse, ch2, DAFill, \002_150918B3_OH\002_150918B3MMP15SNcDA_OH, 1
517_1, OH, Mouse, ch2, DAFill, \002_150918C1_OH\002_150918C1MMP15SNcDA_OH, 1
518_1, OH, Mouse, ch2, DAFill, \002_150918C2_OH\002_150918C2MMP15SNcDA_OH, 1
519_1, OH, Mouse, ch2, DAFill, \002_150918C3_OH\002_150918C3MMP15SNcDA_OH, 1
520_1, OH, Mouse, ch2, DAFill, \002_150918D1_OH\002_150918D1MMP15SNcDA_OH, 1
521_1, OH, Mouse, ch2, DAFill, \002_150918D2_OH\002_150918D2MMP15SNcDA_OH, 1
522_1, OH, Mouse, ch2, DAFill, \002_150918D3_OH\002_150918D3MMP15SNcDA_OH, 1
523_1, OH, Mouse, ch2, DA60, \001_130918A01_OH\001_130918A1MMP13SNcDA_OH, 1
524_1, OH, Mouse, ch2, DA60, \001_130918A02_OH\001_130918A2MMP13SNcDA_OH, 1
525_1, OH, Mouse, ch2, DA60, \001_130918A03_OH\001_130918A3MMP13SNcDA_OH, 1
526_1, OH, Mouse, ch2, DA60, \001_130919A01_OH\001_130919A1MMP14SNcDA_OH, 1
527_1, OH, Mouse, ch2, DA60, \001_130919A02_OH\001_130919A2MMP14SNcDA_OH, 1
528_1, OH, Mouse, ch2, DA60, \001_130919A03_OH\001_130919A3MMP14SNcDA_OH, 1
529_1, OH, Mouse, ch2, DA60, \001_130920A01_OH\001_130920A1MMP15SNcDA_OH, 1
530_1, OH, Mouse, ch2, DA60, \001_130920A02_OH\001_130920A2MMP15SNcDA_OH, 1
531_1, OH, Mouse, ch2, DA60, \001_130920A03_OH\001_130920A3MMP15SNcDA_OH, 1
532_1, OH, Mouse, ch2, DA60, \001_130920A04_OH\001_130920A4MMP15SNcDA_OH, 1
533_1, OH, Mouse, ch2, DA60, \001_130926A01_OH\001_130926A1MMP13SNcDA_OH, 1
534_1, OH, Mouse, ch2, DA60, \001_130926A02_OH\001_130926A2MMP13SNcDA_OH, 1
535_1, OH, Mouse, ch2, DA60, \001_130926A03_OH\001_130926A3MMP13SNcDA_OH, 1
536_1, OH, Mouse, ch2, DA60, \001_130926B01_OH\001_130926B1MMP13SNcDA_OH, 1
537_1, OH, Mouse, ch2, DA60, \001_131004A01_OH\001_131004A1MMP15SNcDA_OH, 1
538_1, OH, Mouse, ch2, DA60, \001_131004A02_OH\001_131004A2MMP15SNcDA_OH, 1
539_1, OH, Mouse, ch2, DA60, \001_131004A03_OH\001_131004A3MMP15SNcDA_OH, 1
540_1, OH, Mouse, ch2, DA60, \001_131004A04_OH\001_131004A4MMP15SNcDA_OH, 1
541_1, OH, Mouse, ch2, DA60, \001_131028A01_OH\001_131028A1MMP13SNcDA_OH, 1
542_1, OH, Mouse, ch2, DA60, \001_131028A02_OH\001_131028A2MMP13SNcDA_OH, 1
543_1, OH, Mouse, ch2, DA60, \001_131028B01_OH\001_131028B1MMP13SNcDA_OH, 1
544_1, OH, Mouse, ch2, DA60, \001_131029A01_OH\001_131029A1MMP14SNcDA_OH, 1
545_1, OH, Mouse, ch2, DA60, \001_131029B01_OH\001_131029B1MMP14SNcDA_OH, 1
546_1, OH, Mouse, ch2, DA60, \001_131029B02_OH\001_131029B2MMP14SNcDA_OH, 1
547_1, OH, Mouse, ch2, DA60, \001_131030A01_OH\001_131030A1MMP15SNcDA_OH, 1
548_1, OH, Mouse, ch2, DA60, \001_131030B01_OH\001_131030B1MMP15SNcDA_OH, 1
549_1, OH, Mouse, ch2, DA60, \001_131030B02_OH\001_131030B2MMP15SNcDA_OH, 1
550_1, OH, Mouse, ch2, DA60, \001_140107A01_OH\001_140107A1MMP15SNcDA_OH, 1
551_1, OH, Mouse, ch2, DA60, \001_140107A02_OH\001_140107A2MMP15SNcDA_OH, 1
552_1, OH, Mouse, ch2, DA60, \001_140107A03_OH\001_140107A3MMP15SNcDA_OH, 1
553_1, OH, Mouse, ch2, DA60, \001_140108A01_OH\001_140108A1MMP16SNcDA_OH, 1
554_1, OH, Mouse, ch2, DA60, \001_140108A02_OH\001_140108A2MMP16SNcDA_OH, 1
555_1, OH, Mouse, ch2, DA60, \001_140108A03_OH\001_140108A3MMP16SNcDA_OH, 1
555_2, OH, Mouse, ch4, DA60, \001_140108A03_OH\001_140108A3MMP16SNcDA_OH, 1
556_1, OH, Mouse, ch2, DA60, \002_130912A01_OH\002_130912A01P14SNcDA_OH, 1
557_1, OH, Mouse, ch2, DA60, \002_130912A02_OH\002_130912A02P14SNcDA_OH, 1
559_1, OH, Mouse, ch2, DA60, \002_131002A01_OH\002_131002A01P13SNcDA_OH, 1
560_1, OH, Mouse, ch2, DA60, \002_131002A02_OH\002_131002A02P13SNcDA_OH, 1
561_1, OH, Mouse, ch2, DA60, \002_131002A03_OH\002_131002A03P13SNcDA_OH, 1
562_1, OH, Mouse, ch2, DA60, \002_131002A04_OH\002_131002A04P13SNcDA_OH, 1
563_1, OH, Mouse, ch2, DA60, \002_131002B01_OH\002_131002B01P13SNcDA_OH, 1
564_1, OH, Mouse, ch2, DA60, \002_131003A01_OH\002_131003A01P14SNcDA_OH, 1
565_1, OH, Mouse, ch2, DA60, \002_131014A01_OH\002_131014A01P15SNcDA_OH, 1
566_1, OH, Mouse, ch2, DA60, \002_131014A02_OH\002_131014A02P15SNcDA_OH, 1
567_1, OH, Mouse, ch2, DA60, \002_131014B01_OH\002_131014B01P15SNcDA_OH, 1
568_1, OH, Mouse, ch2, DA60, \002_131015A01_OH\002_131015A01P16SNcDA_OH, 1
569_1, OH, Mouse, ch2, DA60, \002_131015A02_OH\002_131015A02P16SNcDA_OH, 1
570_1, OH, Mouse, ch2, DA60, \002_131015A03_OH\002_131015A03P16SNcDA_OH, 1
571_1, OH, Mouse, ch2, DA60, \002_131015B01_OH\002_131015B01P16SNcDA_OH, 1
571_2, OH, Mouse, ch4, DA60, \002_131015B01_OH\002_131015B01P16SNcDA_OH, 1
572_1, OH, Mouse, ch2, DAP0, \002_141215A01_OH\002_141215A1MMP0SNcDA_OH, 1
573_1, OH, Mouse, ch2, DAP0, \002_141215A02_OH\002_141215A2MMP0SNcDA_OH, 1
574_1, OH, Mouse, ch2, DAP0, \002_141215A03_OH\002_141215A3MMP0SNcDA_OH, 1
575_1, OH, Mouse, ch2, DAP0, \002_141215A04_OH\002_141215A4MMP0SNcDA_OH, 1
576_1, OH, Mouse, ch2, DAP0, \002_141215A05_OH\002_141215A5MMP0SNcDA_OH, 1
577_1, OH, Mouse, ch2, DAP0, \002_141215A06_OH\002_141215A6MMP0SNcDA_OH, 1
578_1, OH, Mouse, ch2, DAP2, \002_160217A01_OH\002_160217A1MMP2SNcDA_OH, 1
579_1, OH, Mouse, ch2, DAP2, \002_160217A02_OH\002_160217A2MMP2SNcDA_OH, 1
580_1, OH, Mouse, ch2, DAP2, \002_160217A03_OH\002_160217A3MMP2SNcDA_OH, 1
581_1, OH, Mouse, ch2, DAP2, \002_160217A04_OH\002_160217A4MMP2SNcDA_OH, 0
582_1, OH, Mouse, ch2, DAP2, \002_160217A05_OH\002_160217A5MMP2SNcDA_OH, 1
583_1, OH, Mouse, ch2, DAP2, \002_160217B01_OH\002_160217B1MMP2SNcDA_OH, 1
584_1, OH, Mouse, ch2, DAP2, \002_160217B02_OH\002_160217B2MMP2SNcDA_OH, 1
585_1, OH, Mouse, ch2, DAP2, \002_160217B03_OH\002_160217B3MMP2SNcDA_OH, 1
586_1, OH, Mouse, ch2, DAP3, \002_160218A01_OH\002_160218A1MMP3SNcDA_OH, 1
587_1, OH, Mouse, ch2, DAP3, \002_160218A02_OH\002_160218A2MMP3SNcDA_OH, 1
588_1, OH, Mouse, ch2, DAP3, \002_160218A03_OH\002_160218A3MMP3SNcDA_OH, 1
589_1, OH, Mouse, ch2, DAP3, \002_160218A04_OH\002_160218A4MMP3SNcDA_OH, 0
590_1, OH, Mouse, ch2, DAP3, \002_160218A05_OH\002_160218A5MMP3SNcDA_OH, 1
591_1, OH, Mouse, ch2, DAP4, \002_141114A01_OH\002_141114A1MMP4SNcDA_OH, 1
592_1, OH, Mouse, ch2, DAP4, \002_141114A02_OH\002_141114A2MMP4SNcDA_OH, 1
593_1, OH, Mouse, ch2, DAP4, \002_141114A03_OH\002_141114A3MMP4SNcDA_OH, 1
594_1, OH, Mouse, ch2, DAP4, \002_141114A04_OH\002_141114A4MMP4SNcDA_OH, 1
595_1, OH, Mouse, ch2, DAP4, \002_141210A01_OH\002_141210A1MMP4SNcDA_OH, 1
596_1, OH, Mouse, ch2, DAP4, \002_141210A02_OH\002_141210A2MMP4SNcDA_OH, 1
597_1, OH, Mouse, ch2, DAP4, \002_141210A03_OH\002_141210A3MMP4SNcDA_OH, 1
598_1, OH, Mouse, ch2, DAP4, \002_141210A04_OH\002_141210A4MMP4SNcDA_OH, 1
599_1, OH, Mouse, ch2, DAP4, \002_141210A05_OH\002_141210A5MMP4SNcDA_OH, 1
600_1, OH, Mouse, ch2, DAP4, \002_150219A01_OH\002_150219A1MMP4SNcDA_OH, 1
601_1, OH, Mouse, ch2, DAP4, \002_150219A02_OH\002_150219A2MMP4SNcDA_OH, 1
602_1, OH, Mouse, ch2, DAP4, \002_150219A03_OH\002_150219A3MMP4SNcDA_OH, 1
603_1, OH, Mouse, ch2, DAP4, \002_150219B01_OH\002_150219B1MMP4SNcDA_OH, 1
604_1, OH, Mouse, ch2, DAP4, \002_150219B02_OH\002_150219B2MMP4SNcDA_OH, 1
605_1, OH, Mouse, ch2, DAFillP4, \002_160219A01_OH\002_160219A1MMP4SNcDA_OH, 1
606_1, OH, Mouse, ch2, DAFillP4, \002_160219A02_OH\002_160219A2MMP4SNcDA_OH, 1
607_1, OH, Mouse, ch2, DAFillP4, \002_160219A03_OH\002_160219A3MMP4SNcDA_OH, 1
608_1, OH, Mouse, ch2, DAFillP4, \002_160219A04_OH\002_160219A4MMP4SNcDA_OH, 1
609_1, OH, Mouse, ch2, DAFillP4, \002_160219A05_OH\002_160219A5MMP4SNcDA_OH, 1
610_1, OH, Mouse, ch2, DAFillP4, \002_160219A06_OH\002_160219A6MMP4SNcDA_OH, 1
611_1, OH, Mouse, ch2, DAFillP4, \002_160219B01_OH\002_160219B1MMP4SNcDA_OH, 1
612_1, OH, Mouse, ch2, DAFillP4, \002_160219B02_OH\002_160219B2MMP4SNcDA_OH, 1
613_1, OH, Mouse, ch2, DAFillP4, \002_160219B03_OH\002_160219B3MMP4SNcDA_OH, 1
614_1, OH, Mouse, ch2, DAFillP4, \002_160219B04_OH\002_160219B4MMP4SNcDA_OH, 1
615_1, OH, Mouse, ch2, DAP5, \002_141111A01_OH\002_141111A1MMP5SNcDA_OH, 1
616_1, OH, Mouse, ch2, DAP5, \002_141111A02_OH\002_141111A2MMP5SNcDA_OH, 1
617_1, OH, Mouse, ch2, DAP5, \002_141111A03_OH\002_141111A3MMP5SNcDA_OH, 1
618_1, OH, Mouse, ch2, DAP5, \002_141111A04_OH\002_141111A4MMP5SNcDA_OH, 1
619_1, OH, Mouse, ch2, DAP5, \002_141111A05_OH\002_141111A5MMP5SNcDA_OH, 1
620_1, OH, Mouse, ch2, DAP5, \002_141111A06_OH\002_141111A6MMP5SNcDA_OH, 1
621_1, OH, Mouse, ch2, DAP5, \002_141111A07_OH\002_141111A7MMP5SNcDA_OH, 1
622_1, OH, Mouse, ch2, DAFillP5, \002_160201A01_OH\002_160201A1MMP5SNcDA_OH, 1
623_1, OH, Mouse, ch2, DAFillP5, \002_160201A02_OH\002_160201A2MMP5SNcDA_OH, 1
624_1, OH, Mouse, ch2, DAFillP5, \002_160201A03_OH\002_160201A3MMP5SNcDA_OH, 1
625_1, OH, Mouse, ch2, DAFillP5, \002_160201A04_OH\002_160201A4MMP5SNcDA_OH, 1
626_1, OH, Mouse, ch2, DAFillP5, \002_160201A05_OH\002_160201A5MMP5SNcDA_OH, 1
627_1, OH, Mouse, ch2, DAFillP5, \002_160201B01_OH\002_160201B1MMP5SNcDA_OH, 1
628_1, OH, Mouse, ch2, DAFillP5, \002_160201B02_OH\002_160201B2MMP5SNcDA_OH, 1
629_1, OH, Mouse, ch2, DAFillP5, \002_160201B03_OH\002_160201B3MMP5SNcDA_OH, 1
630_1, OH, Mouse, ch2, DAFillP5, \002_160201C01_OH\002_160201C1MMP5SNcDA_OH, 1
631_1, OH, Mouse, ch2, DAFillP5, \002_160201C02_OH\002_160201C2MMP5SNcDA_OH, 1
632_1, OH, Mouse, ch2, DAFillP5, \002_160201C03_OH\002_160201C3MMP5SNcDA_OH, 1
633_1, OH, Mouse, ch2, DA6070, \002_151118A01_OH\002_151118A1MMP16SNcDA_OH, 1
634_1, OH, Mouse, ch2, DA6070, \002_151118A02_OH\002_151118A2MMP16SNcDA_OH, 1
635_1, OH, Mouse, ch2, DA6070, \002_151118A03_OH\002_151118A3MMP16SNcDA_OH, 1
636_1, OH, Mouse, ch2, DA6070, \002_151118A04_OH\002_151118A4MMP16SNcDA_OH, 1
637_1, OH, Mouse, ch2, DA6070, \002_151118A05_OH\002_151118A5MMP16SNcDA_OH, 1
638_1, OH, Mouse, ch2, DA6070, \002_151118B01_OH\002_151118B1MMP16SNcDA_OH, 1
639_1, OH, Mouse, ch2, DA6070, \002_151118B02_OH\002_151118B2MMP16SNcDA_OH, 1
640_1, OH, Mouse, ch2, DA6070, \002_151118B03_OH\002_151118B3MMP16SNcDA_OH, 1
641_1, OH, Mouse, ch2, DA6070, \002_151119A01_OH\002_151119A1MMP14SNcDA_OH, 1
642_1, OH, Mouse, ch2, DA6070, \002_151119A02_OH\002_151119A2MMP14SNcDA_OH, 1
643_1, OH, Mouse, ch2, DA6070, \002_151119A03_OH\002_151119A3MMP14SNcDA_OH, 1
644_1, OH, Mouse, ch2, DA6070, \002_151119A04_OH\002_151119A4MMP14SNcDA_OH, 1
645_1, OH, Mouse, ch2, DA6070, \002_151119A05_OH\002_151119A5MMP14SNcDA_OH, 1
646_1, OH, Mouse, ch2, DA6070, \002_151119B01_OH\002_151119B1MMP14SNcDA_OH, 1
647_1, OH, Mouse, ch2, DA6070, \002_151119B02_OH\002_151119B2MMP14SNcDA_OH, 1
648_1, OH, Mouse, ch2, DA6070, \002_151119B03_OH\002_151119B3MMP14SNcDA_OH, 1
649_1, OH, Mouse, ch2, DA6070, \002_151119B04_OH\002_151119B4MMP14SNcDA_OH, 1
650_1, OH, Mouse, ch2, DA6070, \002_151119B05_OH\002_151119B5MMP14SNcDA_OH, 1
651_1, OH, Mouse, ch2, DA6070, \002_151119B06_OH\002_151119B6MMP14SNcDA_OH, 1
652_1, OH, Mouse, ch2, DA6070, \002_151119B07_OH\002_151119B7MMP14SNcDA_OH, 1
653_1, OH, Mouse, ch2, DA6070, \002_151119B08_OH\002_151119B8MMP14SNcDA_OH, 1
654_1, OH, Mouse, ch2, DA6070, \002_151119B09_OH\002_151119B9MMP14SNcDA_OH, 1
655_1, OH, Mouse, ch2, DA6070, \002_151120A01_OH\002_151120A1MMP15SNcDA_OH, 1
656_1, OH, Mouse, ch2, DA6070, \002_151120A02_OH\002_151120A2MMP15SNcDA_OH, 1
657_1, OH, Mouse, ch2, DA6070, \002_151120A03_OH\002_151120A3MMP15SNcDA_OH, 1
658_1, OH, Mouse, ch2, DA6070, \002_151120A04_OH\002_151120A4MMP15SNcDA_OH, 1
659_1, OH, Mouse, ch2, DA6070, \002_151120A05_OH\002_151120A5MMP15SNcDA_OH, 1
660_1, OH, Mouse, ch2, DA6070, \002_151120A06_OH\002_151120A6MMP15SNcDA_OH, 1
661_1, OH, Mouse, ch2, DA6070, \002_151120B01_OH\002_151120B1MMP15SNcDA_OH, 1
662_1, OH, Mouse, ch2, DA6070, \002_151120B02_OH\002_151120B2MMP15SNcDA_OH, 1
663_1, OH, Mouse, ch2, DA6070, \002_151120B03_OH\002_151120B3MMP15SNcDA_OH, 1
664_1, OH, Mouse, ch2, DA6070, \002_151120B04_OH\002_151120B4MMP15SNcDA_OH, 1
665_1, OH, Mouse, ch2, DA6070, \002_151120B05_OH\002_151120B5MMP15SNcDA_OH, 1
666_1, OH, Mouse, ch2, DAPluck, \002_160118A1_OH\002_160118A1MMP14SNcDA_OH, 1
667_1, OH, Mouse, ch2, DAPluck, \002_160118A2_OH\002_160118A2MMP14SNcDA_OH, 1
668_1, OH, Mouse, ch2, DAPluck, \002_160118A3_OH\002_160118A3MMP14SNcDA_OH, 1
669_1, OH, Mouse, ch2, DAPluck, \002_160118A4_OH\002_160118A4MMP14SNcDA_OH, 1
670_1, OH, Mouse, ch2, DAPluck, \002_160120A1_OH\002_160120A1MMP16SNcDA_OH, 1
671_1, OH, Mouse, ch2, DAPluck, \002_160120A2_OH\002_160120A2MMP16SNcDA_OH, 1
672_1, OH, Mouse, ch2, DAPluck, \002_160120A3_OH\002_160120A3MMP16SNcDA_OH, 1
673_1, OH, Mouse, ch2, DAPluck, \002_160120A4_OH\002_160120A4MMP16SNcDA_OH, 1
674_1, OH, Mouse, ch2, DAPluck, \002_160120B1_OH\002_160120B1MMP16SNcDA_OH, 1
675_1, OH, Mouse, ch2, DAPluck, \002_160120B2_OH\002_160120B2MMP16SNcDA_OH, 1
676_1, OH, Mouse, ch2, DAPluck, \002_160120B3_OH\002_160120B3MMP16SNcDA_OH, 1
677_1, OH, Mouse, ch2, DAPluck, \002_160125A1_OH\002_160125A1MMP15SNcDA_OH, 1
678_1, OH, Mouse, ch2, DAPluck, \002_160125A2_OH\002_160125A2MMP15SNcDA_OH, 1
679_1, OH, Mouse, ch2, DAPluck, \002_160125A3_OH\002_160125A3MMP15SNcDA_OH, 1
680_1, OH, Mouse, ch2, DAPluck, \002_160125A4_OH\002_160125A4MMP15SNcDA_OH, 1
681_1, OH, Mouse, ch2, DAPluck, \002_160125B1_OH\002_160125B1MMP15SNcDA_OH, 1
682_1, OH, Mouse, ch2, DAPluck, \002_160125B2_OH\002_160125B2MMP15SNcDA_OH, 1
683_1, OH, Mouse, ch2, DAPluck, \002_160126A1_OH\002_160126A1MMP16SNcDA_OH, 1
684_1, OH, Mouse, ch2, DAPluck, \002_160126A2_OH\002_160126A2MMP16SNcDA_OH, 1
685_1, OH, Mouse, ch2, DAPluck, \002_160126B1_OH\002_160126B1MMP16SNcDA_OH, 1
686_1, OH, Mouse, ch2, DAPluck, \002_160126B2_OH\002_160126B2MMP16SNcDA_OH, 1
687_1, OH, Mouse, ch2, DAPluck, \002_160126B3_OH\002_160126B3MMP16SNcDA_OH, 1
688_1, OH, Mouse, ch2, DAPluck, \002_160126B4_OH\002_160126B4MMP16SNcDA_OH, 1
689_1, OH, Mouse, ch2, DAPluck, \002_160127A1_OH\002_160127A1MMP13SNcDA_OH, 1
690_1, OH, Mouse, ch2, DAPluck, \002_160127A2_OH\002_160127A2MMP13SNcDA_OH, 1
691_1, OH, Mouse, ch2, DAPluck, \002_160127A3_OH\002_160127A3MMP13SNcDA_OH, 1
692_1, OH, Mouse, ch2, DAPluck, \002_160127A4_OH\002_160127A4MMP13SNcDA_OH, 1
693_1, OH, Mouse, ch2, DAPluck, \002_160127B1_OH\002_160127B1MMP13SNcDA_OH, 1
694_1, OH, Mouse, ch2, DAPluck, \002_160127B2_OH\002_160127B2MMP13SNcDA_OH, 1
695_1, OH, Mouse, ch2, DAPluck, \002_160127B3_OH\002_160127B3MMP13SNcDA_OH, 1
696_1, OH, Mouse, ch2, DAPluck, \002_160127B4_OH\002_160127B4MMP13SNcDA_OH, 1
697_1, OH, Mouse, ch2, DAPluck, \002_160128A1_OH\002_160128A1MMP14SNcDA_OH, 1
698_1, OH, Mouse, ch2, DAPluck, \002_160128A2_OH\002_160128A2MMP14SNcDA_OH, 1
699_1, OH, Mouse, ch2, DAPluck, \002_160128A3_OH\002_160128A3MMP14SNcDA_OH, 1
700_1, OH, Mouse, ch2, DAPluck, \002_160128A4_OH\002_160128A4MMP14SNcDA_OH, 1
701_1, OH, Mouse, ch2, DAPluck, \002_160128B1_OH\002_160128B1MMP14SNcDA_OH, 1
702_1, OH, Mouse, ch2, DAPluck, \002_160128B2_OH\002_160128B2MMP14SNcDA_OH, 1
703_1, OH, Mouse, ch2, DAPluck, \002_160128B3_OH\002_160128B3MMP14SNcDA_OH, 1
704_1, OH, Mouse, ch2, DAPluck, \002_160129A1_OH\002_160129A1MMP15SNcDA_OH, 1
705_1, OH, Mouse, ch2, DAPluck, \002_160129A2_OH\002_160129A2MMP15SNcDA_OH, 1
706_1, OH, Mouse, ch2, DAPluck, \002_160129A3_OH\002_160129A3MMP15SNcDA_OH, 1
707_1, OH, Mouse, ch2, DAPluck, \002_160129B1_OH\002_160129B1MMP15SNcDA_OH, 1
708_1, OH, Mouse, ch2, DAPluck, \002_160129B2_OH\002_160129B2MMP15SNcDA_OH, 1
709_1, OH, Mouse, ch2, DAPluck, \002_160129B3_OH\002_160129B3MMP15SNcDA_OH, 1
710_1, OH, Mouse, ch2, DAPluck, \002_160129B4_OH\002_160129B4MMP15SNcDA_OH, 1
711_1, OH, Mouse, ch2, DAPluck, \002_160129B5_OH\002_160129B5MMP15SNcDA_OH, 1
712_1, OH, Mouse, ch2, DAPluck, \002_160129B6_OH\002_160129B6MMP15SNcDA_OH, 1
713_1, OH, Mouse, ch2, DAP28, \002_141105B01_OH\002_141105B1MMP30SNcDA_OH, 1
714_1, OH, Mouse, ch2, DAP28, \002_141110A01_OH\002_141110A1MMP29SNcDA_OH, 1
715_1, OH, Mouse, ch2, DAP28, \002_141110A02_OH\002_141110A2MMP29SNcDA_OH, 1
716_1, OH, Mouse, ch2, DAP28, \002_141110A03_OH\002_141110A3MMP29SNcDA_OH, 1
717_1, OH, Mouse, ch2, DAP28, \002_141125A01_OH\002_141125A1MMP28SNcDA_OH, 1
718_1, OH, Mouse, ch2, DAP28, \002_141125A02_OH\002_141125A2MMP28SNcDA_OH, 1
719_1, OH, Mouse, ch2, DAP28, \002_141125A03_OH\002_141125A3MMP28SNcDA_OH, 1
720_1, OH, Mouse, ch2, DAP28, \002_141125A04_OH\002_141125A4MMP28SNcDA_OH, 1
721_1, OH, Mouse, ch2, DAP28, \002_141125A05_OH\002_141125A5MMP28SNcDA_OH, 1
722_1, OH, Mouse, ch2, DAP28, \002_141204A01_OH\002_141204A1MMP30SNcDA_OH, 1
723_1, OH, Mouse, ch2, DAP28, \002_141204A02_OH\002_141204A2MMP30SNcDA_OH, 1
724_1, OH, Mouse, ch2, DAP28, \002_141204A03_OH\002_141204A3MMP30SNcDA_OH, 1
725_1, OH, Mouse, ch2, DAP28, \002_141204B01_OH\002_141204B1MMP30SNcDA_OH, 1
726_1, OH, Mouse, ch2, DAP28, \002_141204B02_OH\002_141204B2MMP30SNcDA_OH, 1
727_1, OH, Mouse, ch2, DAP28, \002_141208A01_OH\002_141208A1MMP28SNcDA_OH, 1
728_1, OH, Mouse, ch2, DAP28, \002_141208A02_OH\002_141208A2MMP28SNcDA_OH, 1
729_1, OH, Mouse, ch2, DAP28, \002_141208A03_OH\002_141208A3MMP28SNcDA_OH, 1
730_1, OH, Mouse, ch2, DAP28, \002_141208A04_OH\002_141208A4MMP28SNcDA_OH, 1
731_1, OH, Mouse, ch2, DAP28, \002_141208A05_OH\002_141208A5MMP28SNcDA_OH, 1
732_1, OH, Mouse, ch2, DAP28, \002_141208B01_OH\002_141208B1MMP28SNcDA_OH, 1
733_1, OH, Mouse, ch2, DAFillP28, \002_160111A1_OH\002_160111A1MMP28SNcDA_OH, 1
734_1, OH, Mouse, ch2, DAFillP28, \002_160111A2_OH\002_160111A2MMP28SNcDA_OH, 1
735_1, OH, Mouse, ch2, DAFillP28, \002_160111A3_OH\002_160111A3MMP28SNcDA_OH, 1
736_1, OH, Mouse, ch2, DAFillP28, \002_160111A4_OH\002_160111A4MMP28SNcDA_OH, 1
737_1, OH, Mouse, ch2, DAFillP28, \002_160111A5_OH\002_160111A5MMP28SNcDA_OH, 1
738_1, OH, Mouse, ch2, DAFillP28, \002_160111B1_OH\002_160111B1MMP28SNcDA_OH, 1
739_1, OH, Mouse, ch2, DAFillP28, \002_160111B2_OH\002_160111B2MMP28SNcDA_OH, 1
740_1, OH, Mouse, ch2, DAFillP28, \002_160111B3_OH\002_160111B3MMP28SNcDA_OH, 1
741_1, OH, Mouse, ch2, DAFillP28, \002_160111B4_OH\002_160111B4MMP28SNcDA_OH, 1
742_1, OH, Mouse, ch2, DAFillP28, \002_160111B5_OH\002_160111B5MMP28SNcDA_OH, 1
743_1, OH, Mouse, ch2, DAFillP28, \002_160111B6_OH\002_160111B6MMP28SNcDA_OH, 1
744_1, OH, Mouse, ch2, DAFillP28, \002_160112A1_OH\002_160112A1MMP29SNcDA_OH, 1
745_1, OH, Mouse, ch2, DAFillP28, \002_160112A2_OH\002_160112A2MMP29SNcDA_OH, 1
746_1, OH, Mouse, ch2, DAFillP28, \002_160112A3_OH\002_160112A3MMP29SNcDA_OH, 1
747_1, OH, Mouse, ch2, DAFillP28, \002_160112A4_OH\002_160112A4MMP29SNcDA_OH, 1
748_1, OH, Mouse, ch2, DAFillP28, \002_160112A5_OH\002_160112A5MMP29SNcDA_OH, 1
749_1, OH, Mouse, ch2, DAFillP28, \002_160112B1_OH\002_160112B1MMP29SNcDA_OH, 1
750_1, OH, Mouse, ch2, DAFillP28, \002_160112B2_OH\002_160112B2MMP29SNcDA_OH, 1
751_1, OH, Mouse, ch2, DAFillP28, \002_160112B3_OH\002_160112B3MMP29SNcDA_OH, 1
752_1, OH, Mouse, ch2, DAFillP28, \002_160112B4_OH\002_160112B4MMP29SNcDA_OH, 1
753_1, OH, Mouse, ch2, DAFillP28, \002_160112B5_OH\002_160112B5MMP29SNcDA_OH, 1
754_1, OH, Mouse, ch2, DAFillP28, \002_160112B6_OH\002_160112B6MMP29SNcDA_OH, 1
755_1, OH, Mouse, ch2, DAFillP28, \002_160112C1_OH\002_160112C1MMP29SNcDA_OH, 1
756_1, OH, Mouse, ch2, DAFillP28, \002_160112C2_OH\002_160112C2MMP29SNcDA_OH, 1
757_1, OH, Mouse, ch2, DAFillP28, \002_160112C3_OH\002_160112C3MMP29SNcDA_OH, 1
758_1, OH, Mouse, ch2, DAFillP28, \002_160112C4_OH\002_160112C4MMP29SNcDA_OH, 1
759_1, OH, Mouse, ch2, DAFillP28, \002_160112C5_OH\002_160112C5MMP29SNcDA_OH, 1
760_1, OH, Mouse, ch2, DAP56, \002_141126A01_OH\002_141126A1MMP56SNcDA_OH, 1
761_1, OH, Mouse, ch2, DAP56, \002_141126A02_OH\002_141126A2MMP56SNcDA_OH, 1
762_1, OH, Mouse, ch2, DAP56, \002_141126B01_OH\002_141126B1MMP56SNcDA_OH, 1
763_1, OH, Mouse, ch2, DAP56, \002_141126B02_OH\002_141126B2MMP56SNcDA_OH, 1
764_1, OH, Mouse, ch2, DAP56, \002_141128A01_OH\002_141128A1MMP56SNcDA_OH, 1
765_1, OH, Mouse, ch2, DAP56, \002_141128A02_OH\002_141128A2MMP56SNcDA_OH, 1
766_1, OH, Mouse, ch2, DAP56, \002_141128A03_OH\002_141128A3MMP56SNcDA_OH, 1
767_1, OH, Mouse, ch2, DAP56, \002_141128B01_OH\002_141128B1MMP56SNcDA_OH, 1
768_1, OH, Mouse, ch2, DAP56, \002_141201A01_OH\002_141201A1MMP57SNcDA_OH, 1
769_1, OH, Mouse, ch2, DAP56, \002_141201A02_OH\002_141201A2MMP57SNcDA_OH, 1
770_1, OH, Mouse, ch2, DAP56, \002_141201B01_OH\002_141201B1MMP57SNcDA_OH, 1
771_1, OH, Mouse, ch2, DAP56, \002_141202A01_OH\002_141202A1MMP57SNcDA_OH, 1
772_1, OH, Mouse, ch2, DAP56, \002_141202B01_OH\002_141202B1MMP57SNcDA_OH, 1
773_1, OH, Mouse, ch2, DAP56, \002_141202B02_OH\002_141202B2MMP57SNcDA_OH, 1
774_1, OH, Mouse, ch2, DAP56, \002_141203A01_OH\002_141203A1MMP58SNcDA_OH, 1
775_1, OH, Mouse, ch2, DAP56, \002_141203B01_OH\002_141203B1MMP58SNcDA_OH, 1
776_1, OH, Mouse, ch2, DAP56, \002_141203B02_OH\002_141203B2MMP58SNcDA_OH, 1
777_1, OH, Mouse, ch2, DAP56, \002_150210A01_OH\002_150210A1MMP57SNcDA_OH, 1
778_1, OH, Mouse, ch2, DAP56, \002_150210A02_OH\002_150210A2MMP57SNcDA_OH, 1
779_1, OH, Mouse, ch2, DAP56, \002_150210A03_OH\002_150210A3MMP57SNcDA_OH, 1
780_1, OH, Mouse, ch2, DAP56, \002_150210B01_OH\002_150210B1MMP57SNcDA_OH, 1
781_1, OH, Mouse, ch2, DAP56, \002_150223A01_OH\002_150223A1MMP58SNcDA_OH, 1
782_1, OH, Mouse, ch2, DAP56, \002_150223A02_OH\002_150223A2MMP58SNcDA_OH, 1
783_1, OH, Mouse, ch2, DAP56, \002_150223A03_OH\002_150223A3MMP58SNcDA_OH, 1
784_1, OH, Mouse, ch2, DAP56, \002_150223A04_OH\002_150223A4MMP58SNcDA_OH, 1
785_1, OH, Mouse, ch2, DAP56, \002_150303A01_OH\002_150303A1MMP54SNcDA_OH, 1
786_1, OH, Mouse, ch2, DAP56, \002_150303B01_OH\002_150303B1MMP54SNcDA_OH, 1
787_1, OH, Mouse, ch2, DAP56, \002_150303B02_OH\002_150303B2MMP54SNcDA_OH, 1
